30.	100.	5080.	11440.	280.	10160.	13440.	300.	50.	100.	0.	0.	50.	100.	0.	0.	50.	100.	0.	0.	0.	0.
27.54	109.45	5072.42	11441.06	287.16	10158.98	13440.18	291.85	60.37	94.28	-8.73	-4.77	48.66	88.09	2.99	9.11	49.8	91.43	6.58	4.25	10.54	6.28
26.27	99.98	5076.36	11445.82	275.7	10151.02	13443.95	309.78	61.36	106.75	-8.56	11.99	61.1	111.48	11.17	-6.29	61.26	102.77	-6.06	-7.17	-4.11	4.68
33.45	107.09	5076.74	11444.34	278.26	10152.28	13446.56	305.92	54.25	105.81	-4.16	2.35	46.27	110.59	-5.2	0.2	59.21	91.82	7.56	-4.6	2.43	-3.76
29.44	109.01	5088.48	11428.09	280.05	10171.17	13445.4	304.91	43.7	100.28	-2.69	7.72	39.93	90.33	0.67	4.29	51.93	100.41	6.69	-6.16	9.99	0.31
24.45	103.18	5079.16	11437.69	283.53	10169.38	13433.12	291.72	49.69	93.12	-9.79	-5.56	55.55	99.3	5.05	7.44	57.63	106.58	11.13	-11.35	-9.71	1.8
33.2	105.72	5089.23	11449.84	276.47	10168.42	13433.92	289.7	49.81	100.32	-3.25	5.62	55.32	98.36	-9.51	4.01	56.47	109.13	-0.89	-9.79	-5.62	3.27
33.09	89.77	5079.41	11447.56	274.34	10158.8	13428.54	303.	61.02	100.15	-8.86	8.54	59.42	106.06	9.45	5.12	47.18	102.21	-7.55	-10.74	-10.49	2.57
28.68	104.91	5088.53	11440.78	273.4	10160.41	13438.49	305.89	41.	111.35	0.06	-11.26	49.	102.73	6.05	-4.4	57.15	88.24	0.83	2.	-8.6	-8.91
25.62	96.76	5079.49	11433.5	276.91	10164.85	13442.32	290.59	47.35	101.22	-3.01	10.4	51.37	101.46	-1.97	-2.58	48.55	88.16	-0.97	-0.64	5.25	-7.76
31.84	105.89	5079.21	11437.07	286.12	10171.17	13437.06	308.86	58.83	95.41	-7.27	-3.27	38.54	104.55	-8.24	-11.1	40.8	108.24	-8.65	-9.45	4.42	-8.8
31.53	109.1	5070.03	11446.73	273.72	10153.2	13451.48	309.37	50.38	88.78	-5.58	1.37	38.51	98.1	-2.94	2.95	53.81	105.86	4.17	3.66	3.04	1.97
32.9	96.99	5085.17	11447.83	283.72	10169.02	13434.05	308.68	40.89	109.43	3.82	6.96	60.86	105.46	1.91	5.45	51.64	94.65	10.33	6.25	-0.65	1.16
28.59	98.58	5077.98	11437.42	283.14	10153.03	13448.51	296.18	53.34	89.9	-8.85	7.	50.42	94.57	9.09	-11.74	53.29	101.96	-9.74	11.56	-10.27	-4.48
29.04	96.95	5074.22	11432.42	271.05	10158.55	13450.1	288.1	60.49	108.93	-0.25	-4.73	49.62	90.14	11.3	-3.65	44.22	94.78	8.39	2.24	-0.67	8.
32.93	105.3	5080.31	11435.92	291.14	10168.95	13438.09	294.92	44.65	103.83	8.87	5.08	53.23	98.39	-3.28	-8.9	43.35	88.42	-4.49	8.49	1.57	1.48
26.59	100.78	5088.94	11432.46	284.01	10161.91	13430.92	291.74	43.45	94.26	9.93	-3.88	45.72	108.13	10.48	-10.49	48.13	99.73	-3.13	-1.29	9.4	-10.48
25.55	99.68	5076.42	11432.19	277.31	10167.81	13444.98	291.51	56.32	93.01	9.78	-5.46	57.82	109.95	-11.13	-4.49	50.07	105.83	0.02	7.85	-6.82	9.66
26.26	89.47	5068.38	11440.89	291.55	10167.25	13450.59	296.97	44.3	103.92	4.4	5.44	45.89	99.74	5.39	1.27	56.63	103.35	-1.97	-8.15	-2.57	-2.59
35.03	104.82	5088.38	11435.89	276.63	10152.49	13443.	295.55	58.74	107.86	7.16	-1.58	54.61	111.55	3.12	1.72	54.97	92.65	3.55	-11.59	-2.45	1.22
32.87	88.71	5082.65	11448.49	282.34	10148.59	13450.58	307.57	43.65	94.05	3.52	-9.48	50.77	99.76	4.25	-5.25	40.03	100.2	8.56	-7.5	10.29	4.19
25.78	93.65	5089.86	11442.77	275.17	10168.53	13429.93	311.38	57.51	110.81	-0.87	9.91	57.84	92.39	0.12	7.14	44.5	95.96	-6.27	-3.9	2.6	-3.13
35.78	98.23	5068.43	11440.07	281.27	10165.13	13429.78	304.09	53.67	94.1	10.82	-7.74	55.83	106.88	1.16	-3.84	51.1	89.27	5.81	4.35	6.07	-6.2
35.96	91.78	5085.37	11432.76	274.87	10158.15	13432.99	290.03	59.64	106.09	-3.34	6.22	60.68	102.71	3.98	-5.12	50.92	109.08	11.45	-2.29	-9.35	2.19
28.97	103.14	5079.4	11441.26	283.07	10157.45	13450.29	295.2	50.03	90.25	3.42	11.53	45.36	101.02	-4.94	-7.22	48.54	108.18	0.43	-6.15	-11.87	1.4
33.25	107.64	5073.51	11430.21	277.15	10159.86	13449.74	294.83	41.74	100.33	-3.13	-5.25	42.46	106.66	9.14	2.89	48.03	100.71	-10.19	-9.84	2.05	-3.17
34.63	90.49	5075.45	11444.12	285.05	10156.06	13430.77	289.27	53.79	105.34	-1.64	-1.91	40.21	111.1	3.87	10.53	45.33	109.25	1.28	6.67	-10.07	2.16
30.32	94.39	5091.64	11449.33	284.45	10168.61	13431.65	305.87	51.51	99.1	-5.57	5.98	49.25	95.07	-1.58	-11.46	49.5	90.47	-7.19	-2.46	-6.31	0.76
34.57	108.41	5073.39	11446.67	281.78	10159.38	13428.11	308.9	57.45	111.22	10.05	6.45	59.95	104.63	6.79	9.64	46.66	101.8	-4.39	-4.23	3.73	-7.28
24.65	92.85	5088.64	11430.15	278.57	10157.15	13439.62	310.46	55.88	109.25	8.02	-0.15	46.98	104.99	-0.19	-9.65	41.71	110.43	-7.12	8.42	-2.26	9.75
34.83	106.35	5074.48	11440.55	285.56	10155.37	13437.44	305.01	39.4	93.67	5.92	-7.68	49.37	96.01	6.63	7.58	53.72	111.89	-8.06	-7.94	-4.09	-8.44
25.46	106.48	5081.3	11435.74	289.15	10156.73	13430.52	309.4	56.73	104.6	-2.64	6.04	52.77	104.58	-3.55	-6.33	38.6	103.17	11.83	-8.24	3.48	1.19
27.91	95.25	5080.59	11446.79	284.37	10159.91	13441.13	309.04	47.55	106.28	-8.35	9.62	47.3	95.03	6.14	-4.02	52.45	91.19	11.48	11.43	-5.62	9.5
35.21	104.08	5089.48	11448.94	270.06	10159.63	13451.35	308.	49.7	88.96	1.27	2.57	40.56	110.86	-3.76	-11.04	38.16	88.68	-4.61	-4.22	0.89	5.14
28.75	98.71	5071.95	11441.36	272.83	10170.45	13439.08	298.54	61.01	102.58	-11.58	5.4	38.96	93.54	-11.28	9.	49.33	88.04	5.75	9.04	1.72	-7.34
27.64	96.65	5081.7	11441.36	275.14	10152.39	13433.26	292.95	45.1	102.65	7.17	7.26	58.52	98.74	-6.07	6.5	52.72	103.45	11.31	0.44	-5.08	11.11
35.32	104.86	5068.44	11442.22	272.22	10169.19	13443.62	299.96	48.32	90.16	10.41	9.07	59.59	108.48	-8.49	9.05	57.65	105.93	3.2	10.47	5.2	-8.65
30.95	111.87	5074.74	11436.84	288.19	10161.46	13444.48	294.68	60.63	91.56	5.94	-3.02	53.61	94.81	-0.51	4.64	39.04	91.39	-5.64	-0.85	4.64	-8.45
30.31	107.58	5085.05	11444.03	289.5	10151.64	13432.61	297.36	44.43	99.14	7.62	7.9	55.63	108.72	-7.05	-7.75	52.78	96.01	11.73	3.14	10.91	3.9
25.99	93.02	5087.89	11437.23	291.56	10149.65	13451.2	295.	48.13	89.11	-7.5	6.68	47.16	111.85	4.94	7.94	43.04	98.79	4.91	-9.05	3.16	-4.68
32.57	98.19	5082.67	11442.87	276.22	10160.19	13428.41	311.69	45.9	93.99	4.24	2.32	51.12	105.91	-8.59	-3.21	55.52	103.06	-3.9	2.86	4.06	2.41
24.26	98.96	5089.79	11435.07	268.62	10162.21	13440.62	298.49	38.97	111.95	9.41	7.52	55.63	107.46	-11.65	-1.17	43.32	103.48	5.75	-2.85	-1.18	5.66
24.72	109.96	5088.95	11441.88	272.23	10161.15	13438.98	299.28	55.51	110.6	-5.93	-8.25	53.57	101.11	9.17	-1.28	43.48	100.1	-0.47	-0.51	-6.8	9.15
33.84	89.06	5071.7	11431.68	287.93	10154.12	13432.83	311.55	55.26	107.84	-9.84	-11.81	48.59	109.41	9.99	3.53	39.67	97.82	5.07	5.42	-2.24	5.94
32.89	111.97	5073.46	11444.35	285.03	10164.71	13441.81	299.41	57.07	98.62	-10.46	9.62	46.84	111.59	-0.5	5.41	40.32	104.83	-6.4	-6.36	4.17	-11.74
26.94	107.31	5083.9	11441.72	285.43	10171.97	13442.07	305.38	41.18	100.24	2.45	5.31	57.78	93.35	4.57	-9.17	38.41	106.18	-4.55	5.97	2.79	7.52
26.68	101.31	5075.12	11448.17	271.97	10165.62	13434.79	292.44	43.64	101.91	-5.76	-7.45	50.83	97.72	-11.59	-5.96	48.27	99.3	10.5	-0.36	1.14	3.14
35.07	90.92	5089.21	11430.21	281.12	10167.	13432.85	292.76	49.85	88.92	8.96	0.51	48.77	97.84	-3.1	4.23	45.11	107.74	-5.5	-5.81	11.82	-7.89
33.19	88.83	5077.75	11450.84	272.55	10152.11	13439.18	300.64	50.3	102.41	-1.86	3.58	42.5	97.94	10.36	-5.61	58.79	90.08	-9.03	5.72	-11.55	9.19
29.99	88.18	5084.93	11444.78	276.11	10164.14	13441.68	310.65	48.79	98.22	8.79	2.19	38.58	93.51	-9.91	-6.69	45.89	97.05	11.5	-11.84	-11.46	-7.2
31.26	100.15	5078.45	11442.92	269.12	10161.56	13433.11	304.42	40.77	105.77	7.46	11.44	42.96	89.21	-2.43	-7.99	55.18	104.87	-7.91	6.64	-2.87	-10.72
35.41	97.46	5075.47	11431.22	284.02	10169.99	13433.01	295.14	51.74	88.52	-0.05	-7.5	45.11	89.04	-11.36	2.02	61.42	93.34	2.09	5.94	10.15	-7.45
27.38	111.86	5090.23	11428.89	287.67	10150.93	13441.99	294.97	53.06	92.72	5.85	-4.42	44.05	101.99	4.96	5.06	56.07	104.39	11.17	-10.99	-2.68	-5.04
32.18	111.73	5075.89	11448.18	278.04	10156.06	13449.56	295.8	55.82	94.61	0.41	-9.91	51.86	97.49	3.24	3.4	48.19	99.15	6.7	-0.34	1.09	0.99
29.3	94.14	5082.44	11447.2	271.35	10168.85	13441.28	305.95	60.47	110.04	0.64	2.85	50.75	101.57	-11.88	10.02	52.59	104.58	-8.02	-2.52	1.2	11.46
28.91	98.52	5079.84	11449.16	285.66	10155.9	13445.64	291.25	53.77	108.33	7.29	8.75	55.08	92.13	1.96	-3.13	40.28	106.3	-2.14	-11.45	-0.24	-8.64
31.06	89.5	5071.11	11448.72	283.28	10166.37	13431.64	298.68	40.39	101.67	-5.14	2.77	55.88	105.98	-8.37	2.87	47.93	89.73	-0.23	-6.12	-2.03	-10.66
30.16	90.05	5079.34	11450.6	288.99	10152.64	13429.76	295.53	57.11	88.18	-1.68	7.54	53.25	92.27	-10.24	10.61	59.85	104.89	-6.28	-9.29	-6.47	-9.36
28.56	106.38	5083.41	11431.35	283.99	10154.64	13436.91	306.52	54.5	93.19	2.39	-2.03	46.54	97.31	1.76	-0.45	49.22	94.97	0.18	-5.68	8.29	7.23
35.24	99.4	5074.34	11430.19	271.83	10168.15	13451.13	305.35	61.58	98.04	9.21	-8.33	53.05	92.75	-7.62	-1.	51.76	107.7	2.25	8.79	1.24	3.39
35.07	98.32	5089.3	11446.18	282.99	10171.91	13428.48	298.03	39.74	104.33	-9.94	1.72	58.13	90.23	-6.67	-2.97	57.47	91.03	-9.48	-11.73	8.28	10.94
28.23	88.17	5090.39	11446.76	290.41	10149.93	13439.17	302.34	41.65	104.5	-3.86	0.07	40.04	100.32	-10.69	1.61	60.78	100.44	-3.97	9.04	11.31	-1.14
26.58	109.73	5073.33	11444.06	281.79	10155.5	13444.17	303.97	53.74	98.08	-6.75	4.42	60.54	88.37	-2.63	-11.24	54.11	96.9	10.7	2.77	-3.18	2.59
35.12	98.37	5078.03	11446.	286.7	10163.33	13447.65	289.17	59.3	88.64	5.01	-6.84	60.27	108.69	-11.18	6.91	49.73	104.03	-6.16	-3.07	3.81	-7.44
26.65	89.05	5091.03	11434.09	273.86	10159.45	13448.93	296.8	45.05	99.11	4.92	6.68	40.16	102.85	-3.36	-4.21	42.14	100.08	6.77	11.44	5.1	-4.66
24.4	88.49	5079.94	11429.66	281.56	10148.13	13435.53	288.41	54.84	92.56	-6.33	-10.29	58.53	110.61	-8.19	-1.42	56.58	91.68	-3.5	1.46	1.89	4.38
32.03	101.02	5072.42	11441.26	281.68	10148.22	13429.	309.71	45.37	97.09	10.01	-10.24	55.68	111.2	3.11	5.05	51.46	103.93	-9.52	-5.62	4.23	-11.01
28.76	92.11	5071.25	11444.31	277.84	10157.07	13440.72	308.83	54.6	94.41	0.46	-11.21	52.11	106.96	-2.25	0.6	42.54	97.74	-2.4	-2.9	-5.77	-11.34
35.41	99.23	5083.46	11444.73	270.18	10154.58	13438.73	288.86	39.83	97.89	-10.97	1.41	61.98	110.25	1.38	-5.12	55.18	89.5	4.25	11.28	6.16	7.26
25.73	110.64	5077.71	11446.36	281.04	10169.85	13434.75	290.9	52.91	94.02	7.91	-2.39	57.75	98.35	-4.99	-3.66	50.75	102.05	3.55	5.28	8.01	10.22
27.12	104.99	5081.44	11429.85	285.15	10156.69	13436.08	298.17	57.33	89.31	-8.61	-5.76	41.99	102.7	-6.87	4.47	49.66	95.55	9.13	7.11	0.15	-1.81
26.95	110.51	5081.51	11437.51	278.72	10166.25	13432.77	304.98	43.82	94.47	11.58	-2.6	56.02	91.72	10.65	3.86	46.16	108.34	8.34	-3.47	-1.2	-7.9
31.69	91.08	5081.02	11433.2	279.09	10156.31	13434.36	301.44	41.93	100.97	-7.86	-4.01	48.34	99.65	8.59	-10.43	56.48	96.4	-2.84	3.04	4.89	10.09
27.35	94.88	5077.09	11447.47	280.88	10163.77	13445.32	298.9	54.5	99.97	4.91	-9.84	58.13	88.8	-11.79	2.28	48.98	103.07	8.18	-2.94	7.76	-1.59
33.52	102.73	5074.94	11429.67	287.67	10168.43	13448.55	295.08	59.15	90.49	9.05	0.93	41.72	94.8	5.73	-0.49	58.33	109.38	9.77	8.26	0.55	-10.89
24.52	101.1	5071.17	11438.88	286.39	10155.78	13431.04	293.13	45.77	107.96	7.6	-7.31	47.65	103.35	5.99	1.02	45.91	110.9	10.	-4.77	-7.22	8.28
27.8	109.69	5090.64	11449.24	268.28	10150.99	13445.15	297.08	42.15	107.3	-9.22	9.09	58.95	97.83	-4.48	10.04	47.24	88.87	1.11	11.07	11.59	3.33
34.87	88.37	5086.55	11450.27	289.43	10161.11	13451.83	304.34	61.54	92.	-0.84	-5.68	49.97	108.35	10.05	8.43	50.48	110.19	10.05	4.95	-7.46	7.6
30.19	98.15	5080.2	11446.92	276.66	10157.64	13433.52	299.59	58.47	94.14	-3.03	8.91	59.32	98.41	-4.08	9.27	50.34	107.54	9.09	4.46	-3.97	-10.98
24.17	105.07	5087.04	11446.82	280.02	10171.23	13444.74	308.9	48.97	90.28	-2.95	-8.34	60.06	98.02	0.56	-0.57	51.08	100.73	-11.05	11.72	-2.2	1.
34.64	97.03	5086.34	11430.39	283.48	10162.88	13433.35	295.06	57.81	106.97	-8.24	-5.71	43.26	109.43	-2.65	-6.17	48.63	101.76	-1.67	9.44	-4.12	1.89
25.91	93.6	5089.18	11439.99	273.31	10149.53	13451.62	307.21	39.1	100.12	-3.09	-11.91	42.8	107.04	-0.11	-0.71	46.7	99.47	-3.48	-7.19	4.05	10.74
32.32	103.4	5089.67	11439.6	269.92	10152.46	13439.75	304.66	58.94	93.58	0.93	-1.42	60.13	96.04	-1.26	8.85	50.61	100.2	7.77	1.61	11.83	1.39
27.95	102.54	5077.93	11432.42	283.16	10162.38	13444.6	309.84	54.98	89.25	10.35	-11.93	58.93	99.15	10.49	0.23	50.74	102.74	-9.12	-0.15	8.	-11.01
28.31	111.66	5087.73	11441.18	279.26	10151.78	13436.47	297.54	48.11	94.23	-10.55	1.37	39.28	101.77	-5.81	-1.2	45.32	93.62	1.07	9.58	-10.67	8.66
28.31	100.39	5089.27	11441.46	282.76	10159.1	13443.37	294.09	49.32	102.81	7.76	7.46	40.8	103.69	11.45	-6.26	59.73	103.52	-3.57	-5.68	1.07	3.46
27.03	108.14	5082.54	11438.07	290.57	10154.19	13428.72	290.72	44.62	108.62	0.49	-6.46	44.13	103.8	3.08	6.15	41.93	99.18	-2.2	-2.62	-5.82	-9.37
27.23	92.29	5075.96	11442.56	277.1	10150.26	13441.52	305.63	40.59	98.1	1.18	11.57	55.79	104.33	8.26	6.93	42.26	102.61	4.75	-2.1	-9.11	-1.26
31.98	107.26	5072.04	11446.13	287.12	10149.5	13434.51	310.53	59.47	97.24	-4.13	7.41	47.19	94.38	11.58	6.92	41.22	100.5	11.88	-4.36	-3.74	1.78
35.95	88.47	5075.8	11439.29	277.87	10164.89	13436.05	291.56	56.7	92.45	3.93	7.52	56.29	90.21	1.68	3.44	60.85	111.46	4.67	9.28	11.24	2.5
33.89	96.41	5084.	11434.74	271.46	10160.97	13433.66	298.08	58.54	108.89	11.18	1.25	43.02	104.03	0.85	2.19	46.87	103.22	-8.09	-9.25	4.49	-4.35
35.65	99.24	5072.64	11435.92	274.23	10168.1	13451.62	297.93	40.15	111.73	-11.19	2.72	41.82	93.34	3.54	-2.05	51.78	97.42	10.66	-7.33	-10.22	8.97
33.05	108.42	5087.29	11433.98	291.47	10163.41	13447.57	298.31	60.74	104.03	-3.03	3.33	58.06	88.67	-11.81	-7.35	46.57	110.92	8.55	11.88	10.67	-3.55
32.58	88.57	5073.98	11450.26	282.44	10171.02	13448.47	289.82	42.45	91.07	-11.89	-10.47	48.66	107.56	-6.54	-9.37	58.61	88.41	-2.35	7.76	2.03	1.04
24.75	92.32	5079.25	11448.75	278.02	10171.47	13436.27	296.36	44.53	107.54	-7.45	-10.63	58.7	93.01	10.88	-11.47	41.57	107.32	-2.61	-11.88	-9.97	6.8
27.48	111.95	5074.96	11438.48	271.97	10169.07	13447.64	304.38	57.95	90.93	-0.33	6.	43.45	95.94	0.38	7.04	48.23	111.44	-5.16	5.13	2.37	6.12
28.39	92.28	5090.05	11444.02	269.31	10162.05	13432.25	302.46	42.19	110.59	-3.45	-11.78	38.26	90.4	6.08	-8.05	53.43	107.94	10.77	4.26	3.23	-7.19
33.7	92.32	5086.3	11445.44	286.45	10158.67	13435.01	311.74	53.33	111.58	9.71	-6.78	60.23	106.65	3.22	-1.63	38.62	108.93	8.53	-4.22	3.82	5.75
33.04	111.52	5091.17	11442.46	268.57	10154.65	13442.51	306.02	43.84	105.22	-11.	1.56	45.32	110.78	-6.43	-0.7	40.37	100.58	-6.34	11.05	4.88	9.88
26.65	103.48	5068.8	11448.75	269.	10150.74	13449.35	295.71	61.88	96.97	-5.77	-3.37	53.79	110.4	8.22	-9.16	57.04	108.12	-11.91	2.5	9.63	9.75
29.63	88.14	5081.01	11433.04	273.56	10171.22	13440.23	302.88	53.08	89.78	0.65	-7.64	53.82	103.73	-6.13	3.51	38.12	104.24	-9.46	-0.35	11.49	-7.58
28.58	103.77	5084.94	11443.08	277.18	10157.68	13442.35	302.14	60.22	108.04	2.23	-7.21	44.03	108.99	-6.69	-10.39	47.59	88.13	-12.	10.55	9.24	-11.97
24.97	109.43	5090.97	11447.57	290.84	10148.05	13446.6	291.75	42.91	109.46	5.3	8.02	55.55	111.55	-5.	1.23	41.07	102.76	-0.46	1.39	-7.08	3.67
31.14	106.83	5071.14	11444.99	291.98	10161.67	13444.3	299.19	59.9	105.95	-6.4	-9.07	50.72	107.98	-10.17	-3.25	51.95	111.06	-10.15	-9.12	8.16	1.08
30.33	108.69	5088.05	11431.34	276.24	10159.41	13451.66	298.63	43.02	108.86	-10.7	4.44	48.25	97.67	3.19	-9.03	49.83	107.24	-8.01	8.57	-10.79	-9.98
33.56	95.51	5089.	11432.7	268.82	10167.74	13451.51	306.04	39.58	107.94	-2.46	10.82	47.2	109.67	5.97	3.77	55.9	108.34	5.55	-10.32	5.9	-3.25
27.2	106.94	5075.12	11431.47	270.01	10161.94	13438.87	288.03	38.	94.1	-5.77	-0.52	43.08	105.2	8.41	-8.04	53.3	104.48	-4.71	-3.49	-0.51	-8.21
33.38	109.12	5086.6	11434.79	287.66	10149.94	13436.48	292.25	55.75	93.31	6.65	-7.7	52.95	89.73	0.69	5.07	58.75	108.08	-10.86	5.7	-1.73	3.11
34.61	96.35	5091.29	11428.24	280.6	10159.68	13440.5	291.65	45.45	102.02	5.77	1.36	42.72	93.73	8.22	10.84	48.92	93.63	-4.16	-11.89	7.46	-6.17
30.3	88.7	5072.63	11445.06	286.27	10169.88	13437.78	291.94	42.13	96.09	10.62	-2.08	52.29	95.17	11.36	6.41	50.59	110.11	-8.3	-4.7	7.2	-2.48
35.87	107.3	5075.35	11431.8	277.48	10165.42	13438.76	307.49	51.99	98.75	-5.61	2.63	53.66	91.98	-1.76	1.72	54.75	107.36	-5.58	-1.31	-10.34	-4.94
24.21	89.17	5082.27	11440.01	288.74	10160.68	13444.29	309.02	39.07	105.24	-11.35	11.41	38.51	100.32	-4.99	9.7	43.77	104.65	1.19	-4.44	-5.25	-2.23
26.79	94.99	5069.65	11430.32	290.54	10159.95	13449.23	297.43	58.03	104.11	-6.55	1.	49.8	89.89	-7.36	8.26	54.65	110.09	-1.95	-1.2	-6.21	-8.01
33.93	99.59	5090.8	11430.55	288.57	10171.89	13447.7	289.31	57.27	100.07	-1.58	11.02	56.15	107.83	2.93	6.41	57.02	100.07	-8.6	-1.06	4.02	-1.94
34.51	106.43	5068.06	11432.63	272.59	10166.1	13438.11	306.66	49.03	110.27	8.41	4.59	40.18	102.95	-2.39	-8.47	49.58	93.85	-2.3	6.97	-10.17	0.53
25.18	101.67	5090.81	11443.37	272.94	10148.97	13449.37	305.82	41.7	105.23	2.29	7.43	52.15	88.12	1.77	-7.76	47.7	91.28	3.45	-1.76	-8.3	-4.52
32.51	93.	5072.96	11431.76	281.89	10168.19	13450.52	308.06	44.38	107.13	2.06	0.03	49.63	98.62	0.88	8.05	58.7	95.03	9.15	6.55	0.27	2.49
27.01	91.98	5086.74	11430.36	288.68	10164.16	13448.34	307.24	44.68	110.78	0.69	-2.75	46.16	90.18	6.76	-11.14	54.72	88.78	-7.57	-8.67	3.8	2.22
29.34	89.17	5069.38	11449.18	273.44	10153.54	13446.09	288.93	54.14	99.12	5.72	3.4	44.32	94.25	1.61	-5.66	48.09	101.19	-1.27	-9.3	10.44	10.42
25.85	91.62	5083.74	11445.72	272.79	10148.05	13449.47	305.42	50.85	98.78	2.84	-2.32	55.74	108.09	-3.66	-3.94	51.47	90.17	-9.19	2.37	7.95	-5.94
29.18	97.9	5083.19	11432.91	275.96	10151.73	13439.86	299.74	55.52	110.95	-10.03	-5.43	58.24	94.44	11.22	10.77	49.15	103.87	2.12	8.02	9.3	-3.01
28.96	105.56	5089.46	11433.43	287.17	10153.38	13439.25	293.36	39.52	94.75	5.68	7.46	53.24	94.29	-3.6	8.4	58.08	100.54	-2.82	9.11	2.15	-4.63
27.97	98.49	5079.72	11447.1	282.1	10171.67	13438.08	296.	53.68	89.82	-3.55	10.51	41.69	92.7	-10.44	1.34	54.7	107.72	5.23	-3.6	6.98	3.86
35.76	101.55	5069.27	11443.61	290.	10171.6	13442.03	296.94	47.69	99.33	1.51	10.36	58.97	94.79	7.36	-11.44	46.92	108.53	-8.22	6.29	-1.3	1.73
24.98	107.5	5086.35	11443.5	270.32	10162.83	13439.71	296.98	45.78	97.34	11.14	-4.38	47.69	92.8	-7.77	-3.75	42.98	95.57	2.7	-0.25	-9.72	3.02
30.53	104.67	5085.83	11440.46	271.44	10167.01	13429.95	302.54	47.36	103.26	5.72	9.28	50.47	94.1	-2.09	-10.	49.48	96.12	-7.82	-9.92	6.05	7.42
25.93	96.95	5087.39	11439.96	272.07	10153.39	13451.16	305.31	42.11	97.47	9.17	4.5	49.46	107.5	10.84	-3.12	38.61	91.26	-1.88	-5.22	-9.53	4.36
32.71	95.34	5068.9	11440.82	283.27	10167.72	13451.15	300.4	53.28	109.62	5.87	-1.75	42.92	109.13	-3.96	7.26	44.24	108.27	7.13	7.04	5.76	-5.07
33.15	101.37	5072.85	11441.89	269.71	10165.5	13450.07	289.14	41.	109.49	9.02	-10.85	42.55	96.23	-7.19	-9.13	59.4	105.3	0.49	4.69	-7.49	8.65
34.45	91.86	5072.9	11449.99	281.78	10168.84	13451.29	294.43	43.52	100.81	2.98	8.66	47.77	110.54	-11.69	3.82	58.42	92.83	8.18	0.54	8.03	7.34
28.27	89.17	5078.7	11450.63	283.57	10164.91	13430.04	309.55	59.52	93.53	-0.76	-10.59	44.79	102.34	-11.02	11.09	38.93	99.48	10.57	-6.29	-6.57	-6.19
24.57	99.76	5070.77	11442.91	285.08	10164.69	13448.32	295.1	53.39	92.26	-9.29	2.32	38.04	108.09	3.74	10.61	47.16	93.37	-7.95	-6.36	-6.4	-3.74
33.13	91.61	5080.34	11446.21	280.14	10155.73	13440.1	299.59	53.07	104.28	9.57	-8.45	60.29	106.62	-5.38	-3.82	55.04	92.43	-9.97	5.27	4.65	-6.02
30.39	99.52	5071.85	11428.5	277.6	10170.83	13433.65	292.1	39.27	99.69	10.49	11.41	53.41	94.96	2.26	-9.06	49.34	110.22	5.04	-10.25	0.59	4.
28.7	109.83	5082.73	11443.27	269.02	10155.69	13441.51	300.32	51.7	106.29	-6.14	6.55	44.31	99.13	-9.18	3.26	54.01	90.25	-1.24	2.77	-11.92	2.47
25.99	89.3	5083.39	11447.56	274.95	10155.59	13436.15	304.54	39.2	88.62	9.23	1.2	53.79	94.09	7.51	-10.65	39.64	102.74	-2.36	-3.61	6.17	-7.88
32.3	106.11	5084.3	11431.51	270.28	10148.68	13431.82	293.05	39.12	99.43	11.95	-6.4	53.86	90.86	-8.36	-11.12	39.55	99.2	-3.07	11.35	-1.74	0.73
30.25	101.4	5088.4	11442.76	277.03	10157.38	13434.98	304.47	50.88	88.32	2.54	2.6	40.59	97.59	-10.81	-4.95	42.14	95.64	-1.3	-11.5	9.64	-0.16
32.19	100.21	5069.92	11429.52	271.	10154.09	13431.91	299.9	45.27	105.35	7.03	3.82	39.81	93.33	10.49	3.29	61.56	106.6	8.98	1.53	-7.21	-3.89
24.35	104.46	5085.57	11439.65	268.46	10170.18	13432.05	295.65	55.72	106.18	7.08	-4.83	46.36	108.06	4.77	4.91	51.12	97.17	-4.12	-4.61	5.98	-1.22
33.85	105.41	5090.21	11447.28	271.96	10161.11	13436.67	301.94	48.02	98.09	5.77	-1.02	61.26	109.89	-4.59	0.62	53.21	105.2	9.76	-0.36	3.72	-4.74
28.95	108.4	5073.26	11428.65	284.11	10163.94	13428.38	303.22	47.04	95.68	-9.88	-4.93	51.66	97.97	6.73	-7.33	49.76	101.48	-10.13	-8.49	-10.41	-10.87
28.48	100.39	5080.68	11443.44	272.77	10171.21	13429.63	294.	48.05	93.06	8.59	-8.49	44.66	104.21	-4.5	6.21	48.58	104.94	-9.17	-1.98	10.14	6.98
32.98	110.07	5076.26	11436.05	290.29	10152.03	13437.46	297.66	45.93	90.98	6.58	3.89	46.2	110.48	5.64	0.44	45.35	102.14	-6.82	1.84	11.56	10.41
32.91	109.46	5075.9	11438.6	268.6	10165.81	13436.32	306.97	51.06	105.57	7.08	11.01	57.55	92.8	-0.84	1.75	59.29	103.37	1.25	-0.53	-8.03	-1.41
25.16	104.91	5088.83	11443.03	286.06	10160.3	13441.08	308.88	39.43	106.49	4.29	3.75	61.94	94.19	0.21	9.44	52.65	100.81	2.28	11.8	6.67	0.61
29.86	102.02	5083.82	11432.07	290.75	10170.67	13451.28	292.66	40.6	105.19	7.43	1.27	48.69	89.69	-5.03	10.89	55.74	104.71	2.19	7.16	6.42	3.5
30.16	94.14	5071.6	11441.07	276.63	10156.84	13428.09	305.16	44.99	100.48	10.64	7.93	60.21	96.36	-4.2	7.16	49.85	101.61	-6.22	0.07	10.81	-1.32
25.82	104.63	5086.82	11439.58	272.8	10157.11	13436.79	311.68	39.08	106.14	-7.56	2.3	60.62	103.84	-6.14	-1.63	61.36	111.37	-4.89	-0.56	-1.71	11.83
35.5	110.11	5068.83	11445.57	289.24	10169.48	13447.04	307.66	55.95	111.1	-9.22	-1.91	41.74	92.13	-5.18	-10.52	53.04	111.71	6.43	-3.38	2.3	0.3
26.34	108.48	5075.48	11431.83	289.2	10164.32	13441.67	296.56	53.36	108.14	-7.91	1.42	53.38	110.53	5.41	9.21	42.55	93.85	2.81	-1.3	-10.85	-5.95
25.82	109.27	5068.5	11449.35	270.88	10166.77	13435.74	290.22	61.33	110.79	-4.6	5.37	43.79	94.74	9.68	1.3	43.85	100.13	8.27	6.36	11.92	5.8
25.54	90.1	5088.66	11434.89	284.5	10165.53	13443.59	305.9	42.	95.27	-0.56	-1.7	60.14	90.7	5.52	-6.98	41.78	91.	-8.7	5.79	10.43	7.53
33.04	96.15	5088.66	11442.69	268.15	10156.88	13429.07	297.08	44.24	95.15	-0.78	-4.28	44.65	100.56	-11.64	2.75	53.77	110.82	-8.06	-9.39	5.38	-3.22
36.	107.15	5068.2	11436.14	268.99	10167.18	13447.05	290.84	58.44	91.33	-0.87	7.3	59.93	104.28	-4.03	7.25	41.77	95.23	-11.78	11.01	6.15	-8.19
27.44	110.37	5082.82	11444.31	277.04	10150.61	13429.28	294.61	50.95	95.49	8.55	7.61	57.92	105.7	0.36	-5.73	43.56	94.31	5.56	9.93	8.78	7.12
28.16	90.14	5076.96	11436.68	270.05	10168.04	13451.87	307.58	39.07	91.93	7.57	-8.49	57.06	100.78	2.32	11.38	52.12	105.27	-8.12	-5.78	4.48	-6.59
29.01	94.71	5076.75	11450.	281.53	10159.74	13429.87	291.38	46.8	107.43	-10.49	-8.58	43.82	97.45	9.55	8.52	59.29	89.34	8.33	-5.05	-5.1	-2.74
28.77	88.26	5072.62	11446.59	289.58	10160.26	13443.36	307.8	58.7	104.18	7.89	1.32	51.1	111.44	3.44	10.3	44.89	109.99	4.59	-7.07	-9.65	3.63
33.6	94.11	5083.06	11439.01	271.54	10166.34	13441.66	289.58	56.49	93.2	-1.04	-9.28	51.81	94.49	1.23	-3.73	41.3	89.66	-1.27	-6.06	-3.55	1.89
35.4	95.35	5081.83	11444.87	268.9	10168.99	13430.59	302.7	39.2	88.19	9.9	-10.07	51.77	88.51	5.37	-1.95	61.73	101.83	2.68	-2.41	-2.92	5.59
29.02	89.86	5084.4	11450.63	290.84	10157.35	13447.47	311.44	47.55	108.95	-5.78	7.99	38.66	91.49	-3.39	-7.45	49.82	106.25	-7.61	3.35	4.04	-7.88
26.66	96.96	5084.65	11451.51	268.43	10156.26	13449.9	299.78	61.12	91.03	5.52	-3.51	61.47	89.15	-0.91	7.59	43.99	108.	-4.25	-4.45	-10.93	-11.98
28.09	98.07	5082.	11449.93	273.6	10168.95	13441.1	296.91	52.9	96.63	-10.37	0.16	40.04	102.74	-3.63	-10.18	47.2	96.88	0.64	0.42	3.88	-2.59
27.1	110.16	5087.06	11442.92	272.41	10169.21	13449.52	299.07	57.99	96.67	-5.76	-4.01	55.42	88.42	-5.16	9.43	43.81	106.61	-4.58	7.68	-8.12	7.72
31.58	104.61	5088.9	11448.5	289.49	10166.3	13440.88	290.12	47.15	104.2	-5.64	-1.66	47.13	101.6	10.88	-6.04	42.9	92.39	6.2	7.89	-9.73	-11.92
25.05	92.34	5080.63	11432.26	286.79	10161.71	13438.39	310.22	58.39	107.2	-2.46	9.37	39.83	90.29	-1.53	0.51	58.43	98.68	-1.51	8.04	6.77	7.11
29.98	97.86	5081.2	11442.41	280.55	10149.12	13444.53	299.03	54.07	102.38	-4.35	-2.97	38.58	94.02	-7.59	3.51	52.25	89.	9.49	5.9	0.36	-5.17
27.77	90.32	5073.21	11437.51	281.7	10148.74	13450.34	310.16	54.69	103.75	0.15	-1.59	49.74	88.9	6.21	1.56	39.58	108.67	-5.86	2.02	6.69	-9.33
26.88	103.27	5079.63	11442.61	278.29	10164.27	13429.72	301.	52.17	102.43	-3.22	10.29	38.45	109.96	-9.31	-8.21	44.27	99.56	-8.42	-2.8	-8.87	11.11
27.77	107.56	5068.04	11439.03	269.28	10162.98	13442.82	290.69	40.13	92.47	2.55	-6.6	45.59	91.31	1.08	-11.15	40.09	99.01	-4.83	11.07	5.66	-8.3
33.55	94.31	5081.24	11442.5	285.35	10149.47	13447.2	295.17	39.58	94.53	11.9	9.72	58.67	97.4	-8.23	8.91	53.61	104.17	10.67	-11.34	7.32	-8.1
26.32	111.18	5086.26	11433.33	282.04	10159.04	13428.03	310.3	38.93	102.46	-9.88	10.67	40.27	91.68	-4.09	7.91	43.66	88.45	-4.22	0.32	5.46	7.36
32.59	101.67	5084.77	11450.42	281.56	10170.56	13451.38	306.27	45.43	100.92	9.36	9.98	51.17	91.92	-0.	6.31	40.06	93.32	-3.43	7.93	-3.29	-9.67
30.23	105.47	5077.95	11439.34	287.28	10151.17	13440.49	309.52	41.86	103.26	-3.37	7.69	51.06	101.75	-9.3	1.25	60.47	93.91	2.64	4.64	3.35	-7.71
28.05	108.01	5071.67	11448.51	272.55	10155.07	13438.21	294.53	39.16	106.26	3.65	11.36	45.29	100.36	5.18	1.6	59.15	96.18	-10.16	1.01	10.54	4.69
29.13	95.3	5087.52	11429.11	271.26	10157.51	13428.11	305.68	44.56	99.67	5.23	-5.9	38.01	98.74	-8.41	7.26	60.19	89.92	-5.15	5.87	-5.77	-7.46
30.2	96.82	5080.4	11442.84	276.11	10165.02	13436.34	290.78	49.91	99.4	0.44	3.1	54.02	96.79	2.47	3.62	52.72	110.99	2.78	-7.56	-7.93	-0.11
32.86	98.21	5075.02	11450.4	276.23	10160.46	13439.58	297.01	47.86	107.08	-9.83	10.33	43.5	88.33	-1.74	-10.22	43.07	107.1	3.67	-8.44	-7.46	11.5
30.34	95.33	5078.32	11436.69	273.82	10166.56	13444.87	295.86	55.78	109.59	-3.22	0.81	58.41	92.63	3.39	5.4	41.08	105.85	-6.75	9.32	-0.85	6.72
31.96	103.46	5082.96	11449.05	286.61	10150.5	13429.09	297.41	54.49	102.86	-8.03	4.34	47.76	88.29	-5.61	-1.49	50.74	102.32	1.26	-1.67	7.25	-3.19
33.66	105.9	5069.25	11438.13	274.99	10153.55	13430.36	294.26	55.16	99.61	2.	-7.65	45.17	93.05	-1.16	-10.3	53.69	107.95	2.36	9.02	9.57	-10.36
29.19	105.46	5072.3	11433.1	277.74	10162.34	13430.77	309.32	48.88	102.47	3.54	4.96	54.92	104.37	-2.9	3.37	51.93	101.65	-10.85	-9.65	7.16	-1.1
34.88	94.02	5075.56	11433.88	283.38	10158.83	13445.54	304.39	39.34	104.71	-9.19	-7.28	57.46	92.13	-1.65	-9.67	59.01	105.36	-2.81	3.95	6.88	-4.01
29.14	90.39	5069.39	11447.51	273.86	10148.29	13430.16	297.83	59.18	98.72	0.97	-1.05	48.75	89.73	11.71	1.	58.98	103.14	6.13	-4.97	-1.36	-4.22
28.04	111.01	5087.18	11429.84	279.4	10154.93	13432.65	297.39	49.5	99.58	-8.94	9.77	57.75	109.03	7.26	-11.58	44.48	105.72	-6.8	-2.54	10.75	0.85
33.18	110.44	5074.03	11436.77	288.28	10152.	13442.05	308.59	41.61	109.81	-7.32	9.45	45.53	111.89	-9.71	-9.94	56.7	103.26	5.86	1.73	8.45	7.64
30.51	106.54	5072.48	11447.37	285.59	10169.25	13451.67	289.27	42.95	105.58	2.75	3.03	51.16	101.84	4.57	-5.17	55.15	91.97	10.58	-11.56	9.37	6.81
27.04	93.62	5075.28	11443.15	288.87	10152.2	13446.7	311.67	53.3	102.91	0.92	-3.09	42.92	102.46	-0.31	3.6	57.56	104.35	10.23	9.73	-4.56	6.
33.03	109.49	5078.99	11435.97	273.8	10169.05	13429.43	303.2	58.35	96.01	-7.55	-10.57	52.4	107.69	7.22	-6.6	50.48	89.28	11.68	-8.23	10.48	6.74
29.69	106.38	5089.14	11437.77	270.33	10148.92	13443.86	294.66	51.74	89.5	-4.9	9.51	61.83	97.56	-9.2	9.76	41.07	109.06	-2.05	-3.73	-6.8	-11.23
27.95	100.82	5069.45	11436.96	291.82	10153.34	13446.37	310.06	50.46	105.18	7.36	1.79	42.13	88.99	-2.76	4.49	60.24	92.39	-11.6	5.66	5.24	-6.47
26.75	106.5	5078.11	11446.93	277.99	10160.76	13431.74	307.63	61.79	100.55	-8.66	1.52	49.91	100.75	3.39	-2.64	38.94	110.19	-4.61	-2.81	10.5	11.52
30.52	105.85	5079.98	11446.13	273.76	10153.71	13435.05	296.94	44.62	96.3	8.17	-8.48	49.87	100.	10.78	-3.3	53.29	103.39	-3.06	3.37	-10.61	3.82
30.46	98.56	5089.55	11431.62	270.91	10153.63	13441.52	293.87	56.76	104.48	7.83	-4.23	43.17	95.5	-3.48	8.09	58.81	109.65	-3.02	6.	4.81	-4.82
32.99	100.5	5091.5	11436.73	273.77	10167.23	13448.34	292.7	52.57	107.75	-10.76	-5.65	55.55	93.06	-4.66	4.9	46.21	99.88	-3.35	3.94	-10.06	-6.52
33.28	99.99	5088.37	11438.18	273.66	10170.66	13444.34	294.75	52.42	99.32	-11.98	3.8	49.97	89.79	-5.4	3.25	40.45	106.11	-0.17	-5.07	-0.19	-3.04
32.02	102.58	5074.12	11447.02	279.74	10158.27	13444.4	303.14	39.92	104.55	-10.11	6.85	51.96	104.65	11.48	-5.53	44.09	104.74	10.97	10.9	-3.9	-8.92
34.69	111.46	5074.73	11448.24	283.69	10162.16	13435.34	299.87	41.35	91.8	2.37	9.36	52.96	107.8	-5.4	9.13	50.27	101.36	11.35	-1.87	2.34	-5.33
30.79	105.32	5069.46	11428.4	284.17	10154.51	13435.84	299.35	59.09	101.45	-5.61	-3.95	48.92	94.54	1.14	-3.56	56.51	101.68	-3.11	-2.29	10.84	6.84
28.79	92.86	5084.7	11447.4	277.37	10151.3	13436.42	310.19	52.46	88.54	10.76	-3.62	39.91	100.72	-1.39	2.84	52.28	91.05	-1.47	8.12	4.56	8.35
30.58	100.48	5087.42	11428.13	277.57	10148.97	13447.53	298.1	46.57	96.75	3.47	-11.31	55.27	89.51	5.82	4.98	47.27	89.37	8.21	-3.57	-5.47	5.29
27.44	103.3	5078.02	11438.19	278.91	10169.6	13439.99	303.71	57.08	100.5	-3.17	3.17	38.59	103.16	9.44	-9.44	51.19	103.3	11.95	-1.73	7.56	9.76
30.42	109.99	5084.64	11441.26	277.42	10155.23	13434.42	307.87	61.16	101.29	4.46	7.57	44.49	109.56	11.8	0.88	61.73	96.81	-4.75	-2.43	-5.46	5.95
33.32	110.62	5084.95	11446.46	270.66	10148.81	13428.48	301.76	44.56	92.46	3.58	-5.14	57.79	91.14	10.03	0.15	50.27	97.21	6.58	9.27	-4.98	-6.52
34.12	90.96	5091.02	11431.15	276.04	10167.13	13439.9	293.6	50.71	101.87	7.84	-9.38	57.69	109.93	5.85	1.4	54.23	109.92	-8.2	-1.66	0.38	-6.7
30.62	100.25	5089.88	11441.58	284.32	10153.75	13430.52	308.5	60.81	101.78	-2.25	8.11	49.02	102.18	1.14	5.51	48.48	99.71	-3.84	4.09	2.85	-3.5
24.55	101.22	5086.93	11448.74	269.38	10148.65	13436.59	307.34	47.62	96.	0.84	3.74	42.94	94.19	-7.37	-10.18	55.17	100.7	9.74	-0.13	10.48	11.24
32.57	98.41	5091.56	11444.12	270.63	10166.26	13447.73	293.69	61.23	101.17	6.21	-11.15	61.75	98.11	-4.61	10.02	49.89	88.86	9.21	11.7	-2.24	9.13
35.37	93.98	5071.14	11433.83	272.47	10156.01	13439.21	303.74	53.86	108.24	8.98	-11.14	41.6	110.41	-7.38	2.9	49.75	111.	3.86	-6.76	-7.76	-1.98
33.74	99.19	5075.64	11440.12	268.92	10151.08	13448.41	310.98	51.43	98.37	11.53	-0.98	49.09	109.75	-10.81	6.2	60.2	107.08	-8.67	-9.81	11.99	3.41
31.72	88.95	5083.88	11434.24	285.36	10167.87	13448.87	298.5	59.74	100.	-10.45	-11.64	46.64	96.65	3.19	-2.01	51.48	96.85	3.9	11.66	-6.57	-10.99
33.68	95.29	5085.93	11446.77	286.29	10153.23	13433.49	302.53	58.36	109.6	-3.14	2.36	48.38	101.25	4.99	11.75	51.29	88.4	-8.47	5.87	7.08	-11.85
25.44	106.5	5091.88	11443.77	282.04	10150.76	13433.08	311.93	51.37	96.18	7.73	7.62	54.47	104.11	-8.87	-8.02	55.51	91.76	3.31	2.55	6.16	-9.89
30.41	97.76	5081.59	11430.98	272.08	10160.21	13439.29	296.4	40.91	89.55	11.2	4.83	53.22	102.96	4.44	7.79	48.32	91.82	-1.82	-1.44	8.02	-4.33
30.72	105.63	5075.17	11451.96	276.87	10161.91	13441.96	305.1	48.6	98.54	9.14	2.63	42.53	105.38	-7.04	-11.93	39.67	100.84	-0.45	7.93	-4.49	-6.65
29.42	94.48	5088.19	11441.64	283.65	10168.03	13447.38	308.45	42.52	102.93	-9.54	11.18	40.39	106.89	7.4	-5.53	44.88	92.19	-7.31	-3.06	1.29	-8.06
32.11	101.23	5082.62	11449.61	281.79	10156.56	13441.93	304.15	46.4	92.15	6.86	3.5	53.87	110.81	11.27	10.51	48.54	107.08	3.	9.	5.17	-2.56
24.06	89.03	5069.73	11450.8	287.6	10167.78	13436.07	300.53	48.45	97.57	-4.06	0.83	56.56	88.12	5.86	-11.66	44.58	96.35	-5.4	-0.29	6.8	-0.68
24.67	106.74	5072.36	11436.04	286.16	10152.23	13441.9	304.91	55.74	103.14	-5.96	11.93	49.74	105.5	5.37	3.68	61.79	92.26	0.95	-11.53	-7.48	2.09
34.48	91.76	5069.04	11444.23	285.92	10149.61	13429.14	309.07	46.72	105.95	-3.16	0.05	56.19	101.17	3.07	9.02	49.63	97.07	-11.09	-9.41	9.12	-1.64
35.75	98.87	5089.78	11441.15	290.85	10161.78	13443.28	299.88	61.46	96.51	-3.17	-11.22	59.93	107.62	5.54	11.19	53.72	103.29	-1.75	1.91	-1.98	-9.49
24.29	99.8	5080.92	11436.99	287.29	10151.01	13447.89	306.38	40.57	107.18	6.37	-5.71	56.97	89.36	-1.05	-6.78	47.64	103.27	3.43	2.94	-1.31	8.06
24.25	107.85	5080.77	11442.28	282.47	10149.56	13450.67	307.94	48.14	96.17	10.73	-6.95	44.43	101.51	10.94	-0.69	53.92	93.02	1.79	4.18	7.47	3.65
32.96	103.85	5069.21	11441.61	288.74	10159.49	13429.7	291.27	57.21	102.58	-1.77	-7.39	55.91	103.77	6.28	-10.37	47.	98.51	1.4	-1.08	3.73	9.02
30.05	88.07	5091.52	11447.48	289.47	10159.33	13451.26	293.15	38.69	102.35	-4.42	5.95	45.5	93.03	10.45	3.3	52.44	96.09	-0.67	-0.06	-2.05	-6.84
35.86	88.07	5083.71	11438.21	280.86	10166.31	13445.17	294.05	60.68	98.83	11.09	-11.21	38.69	103.8	9.59	-0.31	50.06	103.25	8.17	-4.	6.27	9.54
30.87	91.99	5087.1	11434.86	274.76	10170.21	13442.43	294.16	53.69	96.28	9.54	0.55	51.79	90.74	5.41	-10.26	40.54	97.22	-3.89	7.8	11.69	0.79
33.25	94.47	5087.13	11443.65	268.36	10150.55	13448.55	291.28	60.29	88.82	-9.1	3.17	57.91	100.28	10.78	-9.71	56.86	94.47	-0.25	-10.98	-9.23	-2.55
33.66	102.89	5077.94	11432.17	268.88	10159.54	13441.44	294.18	38.95	91.15	0.93	-7.3	51.16	89.71	-9.	-5.04	55.4	106.81	-4.37	-1.39	-11.44	7.31
31.74	103.93	5077.84	11441.11	269.39	10148.56	13429.83	298.7	39.55	96.15	4.43	8.74	55.	92.97	-2.36	11.43	57.08	106.69	-7.89	7.52	-7.37	9.41
30.62	88.13	5091.4	11436.33	282.55	10163.87	13437.59	300.96	45.18	94.25	8.45	10.72	44.33	100.51	8.47	6.7	56.96	96.66	-1.23	6.14	5.58	-9.17
24.64	93.8	5079.69	11436.04	282.22	10164.61	13428.21	296.68	58.3	108.92	5.83	-8.33	50.4	94.19	-4.11	2.74	43.73	92.79	10.58	2.66	3.72	2.98
29.59	95.46	5074.75	11446.64	274.69	10164.34	13445.56	293.39	38.27	94.7	-6.31	2.8	44.83	91.75	7.89	-11.35	39.85	92.14	11.88	-1.01	4.36	2.58
31.18	89.69	5089.31	11439.06	284.93	10164.25	13435.96	305.09	42.45	105.82	6.15	-8.4	55.48	100.81	-0.12	2.75	56.02	100.13	1.34	6.1	-7.52	-4.9
35.69	95.56	5077.87	11436.31	277.47	10166.	13442.15	295.48	38.52	99.14	6.07	-7.09	56.76	99.81	-1.91	-4.05	53.49	90.07	-4.66	-8.6	-2.66	5.63
30.58	93.01	5068.69	11450.35	273.28	10164.35	13449.66	292.67	42.17	94.46	-10.38	-0.09	39.93	97.98	6.91	-8.3	55.08	91.97	1.29	0.24	6.27	5.65
30.56	95.03	5086.11	11441.95	291.03	10171.93	13434.8	302.58	52.82	89.97	0.44	9.79	43.61	95.61	-10.13	-7.63	44.24	102.59	-3.58	5.24	1.74	-2.41
25.9	100.73	5086.12	11438.16	271.74	10155.56	13441.48	295.15	61.05	106.73	10.62	-11.71	41.64	111.28	1.11	6.5	43.41	101.01	5.99	-11.71	-2.36	5.22
35.84	88.73	5090.55	11429.8	270.19	10157.16	13449.51	295.37	52.49	95.86	0.6	-3.72	42.39	90.98	-7.15	-10.39	60.96	105.75	8.3	-1.05	-10.78	-6.14
27.01	100.38	5077.86	11429.82	281.71	10163.79	13433.81	303.1	43.51	105.7	-3.65	-10.19	46.62	103.65	-0.36	8.82	58.47	89.78	10.54	-5.9	0.95	7.78
27.04	108.52	5073.05	11449.76	287.48	10164.72	13432.2	290.13	59.03	102.77	10.04	3.32	51.41	95.74	-5.57	-4.93	42.39	104.62	1.68	-10.01	-7.36	3.3
29.83	110.48	5083.74	11428.17	291.96	10170.49	13432.93	305.11	45.17	90.81	-0.03	11.35	61.08	89.5	7.74	8.3	52.84	107.5	-10.86	-11.07	-6.09	2.58
34.84	96.54	5070.76	11428.61	282.18	10151.11	13435.68	296.96	55.07	101.82	10.21	3.71	45.57	94.66	-9.18	-6.07	48.04	98.96	-10.77	7.	-8.66	-1.98
24.43	97.04	5068.33	11436.68	289.08	10171.55	13445.47	310.4	47.44	93.82	4.19	-4.39	38.83	99.62	-8.09	9.05	41.32	100.93	6.28	5.46	-1.69	5.08
24.21	106.09	5086.51	11439.71	291.99	10163.4	13432.18	299.89	44.2	101.81	-5.97	4.4	55.24	103.43	-10.7	-9.43	58.09	88.85	-0.54	-6.71	-1.4	-8.46
35.05	99.91	5087.17	11445.66	277.38	10156.91	13429.83	295.03	41.6	88.26	-9.31	-6.69	44.89	95.54	-10.79	7.51	38.69	94.12	-0.76	-3.05	6.1	2.
28.84	88.71	5076.66	11450.31	275.4	10167.27	13448.37	304.22	59.36	100.35	10.96	-3.7	49.59	99.6	5.75	4.54	58.89	97.92	-1.26	-4.5	0.	9.04
32.6	97.59	5081.67	11438.16	278.74	10158.15	13444.96	294.84	48.79	107.13	-6.28	6.81	59.78	102.88	-2.79	4.17	39.72	103.62	-6.7	4.72	2.26	-8.28
29.77	94.44	5087.4	11440.05	282.32	10148.85	13432.61	288.44	48.93	107.	10.52	-9.94	39.92	110.27	-10.2	-4.72	39.53	107.53	3.25	7.22	-10.03	10.88
34.4	94.66	5078.33	11446.14	291.32	10164.85	13432.09	311.55	50.8	98.92	-4.97	0.72	52.09	89.94	-2.1	0.93	59.5	94.46	-5.82	-6.4	2.76	9.7
25.22	95.24	5075.24	11441.92	285.23	10150.8	13446.82	307.79	48.74	92.71	-2.78	3.67	41.9	102.35	-0.23	-7.01	39.85	94.28	0.47	-5.09	1.22	-0.06
31.6	100.66	5079.08	11441.58	290.9	10155.23	13431.87	309.97	50.93	96.68	-2.33	-2.62	47.29	101.6	-4.31	4.8	56.76	110.62	4.07	-3.58	-5.95	2.
35.77	98.4	5089.82	11444.03	278.98	10154.87	13443.57	300.45	47.09	102.29	-9.28	7.94	55.62	105.52	-2.99	-3.	41.71	93.96	0.38	4.94	5.54	-8.7
24.15	95.48	5087.38	11435.05	275.21	10154.06	13439.54	300.92	59.83	91.81	-0.96	-4.26	61.72	107.23	4.89	-10.55	39.8	104.16	4.16	-4.73	7.93	0.18
28.	95.14	5070.35	11450.11	268.37	10171.52	13439.61	308.37	56.75	109.14	-5.81	-11.96	48.91	98.61	7.96	-1.39	55.39	100.13	7.79	-1.98	-7.49	4.53
25.39	108.57	5080.1	11449.28	281.37	10150.24	13429.97	296.38	59.38	109.56	-0.14	4.88	58.95	88.44	9.44	-10.64	52.79	111.92	1.48	7.58	4.25	-5.94
28.42	97.06	5084.74	11438.29	286.49	10167.16	13444.99	311.5	42.78	96.94	-4.81	7.34	46.12	97.05	-10.6	-9.92	43.39	104.59	10.84	-2.57	4.19	-2.37
29.62	89.9	5073.61	11447.66	274.95	10149.14	13431.99	288.98	48.85	92.21	11.58	-9.55	42.62	101.92	9.84	10.88	39.41	104.14	11.24	-1.57	-3.36	9.42
31.76	92.33	5084.06	11432.9	291.68	10153.18	13449.31	297.48	57.71	103.8	-4.95	-6.12	60.74	90.36	-3.3	-11.87	60.54	101.81	-1.44	6.98	1.8	-7.64
29.16	93.21	5091.64	11435.85	268.45	10156.76	13451.96	309.61	45.05	103.18	0.24	5.75	52.07	91.1	-0.6	11.82	51.32	94.27	-3.34	2.57	6.59	-7.97
24.12	104.04	5070.19	11451.75	290.08	10153.63	13431.14	292.48	44.3	105.51	6.33	-2.4	51.6	95.54	-7.3	4.26	49.37	88.69	-3.	-10.8	-7.26	-9.35
26.23	99.81	5090.56	11444.79	268.24	10153.37	13429.96	302.58	46.66	103.13	-3.42	-2.04	41.77	89.64	7.23	-2.27	56.63	105.08	-1.55	-6.01	-8.97	-3.78
30.41	101.13	5086.17	11434.93	275.97	10161.31	13442.67	296.46	55.72	109.82	11.64	11.23	54.6	91.01	3.04	11.58	59.25	91.66	6.88	-2.4	-0.67	-7.15
35.36	94.43	5072.28	11437.87	269.63	10156.34	13438.05	295.22	59.69	105.59	-7.92	2.41	52.73	92.59	3.93	0.33	54.7	109.73	0.64	0.62	9.92	1.87
33.24	91.59	5068.18	11442.92	277.07	10150.03	13443.64	307.98	46.42	93.46	-11.25	6.55	38.53	96.18	7.74	8.25	44.88	103.83	2.91	2.02	8.21	3.19
29.14	107.7	5074.51	11434.9	284.61	10164.67	13448.21	293.78	44.74	95.72	-0.34	-5.21	40.65	110.36	11.26	4.13	50.97	99.43	8.99	2.84	-0.97	-8.02
34.29	107.7	5090.45	11451.13	269.88	10154.9	13429.46	308.22	51.12	88.45	-8.36	0.68	54.21	90.85	-9.95	-4.11	50.34	100.28	11.3	-3.15	-0.7	-11.59
34.78	107.24	5074.15	11451.6	278.31	10155.05	13439.64	308.25	56.25	95.15	11.76	11.55	48.26	106.05	11.07	10.02	53.92	97.41	4.43	11.69	5.21	-4.32
25.39	105.83	5079.23	11429.11	289.51	10161.42	13441.18	291.88	61.48	111.36	-6.94	-8.76	51.38	93.98	10.26	8.48	45.44	104.48	11.18	-7.77	11.15	-10.34
24.96	110.54	5082.73	11434.84	270.6	10152.27	13450.46	295.11	55.3	96.34	-9.19	3.72	45.02	94.21	11.07	-9.15	61.2	102.63	-8.02	10.41	11.69	-10.49
26.2	104.65	5082.49	11448.32	278.68	10164.63	13428.53	309.21	53.08	107.72	-5.11	-0.05	44.	97.61	-6.68	7.94	55.27	102.98	-3.34	-3.88	-6.09	-0.8
25.8	96.34	5088.04	11446.42	289.33	10153.66	13441.27	302.88	47.01	109.79	11.15	0.8	53.48	94.72	3.58	3.74	56.77	102.98	7.08	1.87	-8.9	-0.48
30.42	97.27	5070.48	11442.74	273.22	10152.69	13435.39	294.28	44.07	106.73	-1.3	8.86	47.12	92.96	-11.28	0.83	38.28	105.74	7.2	-3.54	-2.03	11.29
24.07	97.19	5081.63	11445.26	286.57	10150.56	13433.97	310.95	38.99	91.44	4.8	10.68	45.01	95.59	10.38	6.01	43.43	101.18	-1.64	5.19	-3.78	-4.57
33.79	103.53	5079.1	11428.22	291.46	10148.51	13446.79	310.41	53.02	91.08	8.	-9.89	48.36	103.32	-7.41	-8.67	44.38	96.09	-10.56	2.77	-7.65	-10.78
33.5	95.15	5087.69	11432.84	286.32	10156.89	13451.11	300.21	44.97	100.9	-5.16	-4.15	54.76	95.94	4.12	-5.73	54.73	97.46	-4.73	2.35	7.97	-3.73
35.85	95.07	5071.32	11443.93	274.2	10166.32	13436.72	290.62	51.07	110.73	-3.55	-11.3	59.61	99.06	-5.26	-8.36	52.55	107.68	-11.19	-10.83	11.61	-9.7
28.55	89.78	5071.81	11428.64	290.72	10166.84	13449.14	294.13	61.69	103.48	-4.29	5.35	49.19	108.89	-11.67	2.06	41.08	89.63	10.16	9.57	8.45	4.34
31.74	108.6	5091.61	11446.19	283.32	10161.74	13430.19	288.03	44.47	97.88	-6.36	3.39	38.05	100.02	0.21	11.66	44.91	94.2	-3.69	-6.6	5.06	2.28
32.45	103.21	5076.19	11450.11	288.2	10153.14	13448.29	288.47	60.	93.02	-6.87	7.83	57.73	93.14	3.27	-6.72	57.49	104.85	-4.49	10.79	-9.48	8.44
29.89	91.17	5089.89	11438.73	284.93	10164.36	13447.36	291.7	47.03	99.26	-8.13	-4.06	45.04	89.7	7.34	10.79	43.57	101.26	3.21	1.92	-9.5	6.21
29.81	99.77	5084.74	11431.06	272.71	10158.29	13447.18	290.29	43.6	109.64	-8.15	-0.55	55.03	93.05	11.09	5.03	42.17	88.8	-1.16	5.79	-10.34	4.87
32.4	97.65	5075.51	11441.9	269.41	10168.4	13433.35	297.54	46.08	106.34	-0.44	-3.85	57.42	106.78	-0.4	0.96	59.72	108.11	0.68	-1.86	-2.98	0.08
27.83	107.43	5087.01	11439.47	275.72	10168.39	13446.59	291.13	56.09	95.89	-1.26	1.97	42.78	88.33	11.35	9.65	42.08	94.03	11.58	11.7	-8.9	9.52
30.88	110.47	5083.62	11442.08	268.05	10160.89	13444.59	290.09	40.63	100.88	-9.93	2.13	56.21	88.75	-10.97	9.21	60.38	103.18	7.31	4.51	-11.74	2.03
27.85	101.54	5087.62	11446.86	279.82	10167.12	13438.76	294.77	38.75	101.52	-3.5	-8.42	46.77	96.94	9.84	-0.42	57.23	88.78	-2.55	4.19	1.97	-5.55
27.22	106.53	5076.14	11444.76	277.89	10164.67	13439.51	303.64	42.83	99.35	5.6	5.88	48.73	106.85	-2.76	-5.69	50.19	96.29	-0.41	11.02	-5.47	-6.75
24.39	110.25	5068.97	11451.96	274.49	10162.59	13443.8	290.7	46.52	99.68	-3.79	8.67	46.9	109.58	5.72	4.01	41.74	107.42	8.93	7.02	-11.84	10.32
27.92	108.42	5076.99	11451.88	288.73	10156.92	13442.43	292.91	46.89	101.24	6.45	10.27	45.95	90.21	7.53	0.59	45.09	98.26	-7.82	10.24	11.09	10.47
24.35	96.1	5091.12	11430.61	272.33	10170.8	13436.34	306.68	43.46	88.67	-9.66	-0.06	41.99	110.9	-6.01	8.81	42.9	111.97	-3.8	0.81	11.67	6.82
25.15	93.49	5089.7	11428.58	277.95	10149.53	13442.48	291.06	41.35	104.63	-3.31	3.61	59.82	99.78	-9.9	4.04	39.18	106.57	-3.53	-9.72	6.43	-8.35
35.5	95.06	5082.49	11447.28	280.	10159.86	13439.11	297.87	52.81	92.42	-11.56	-7.	40.18	99.32	-3.39	-1.68	39.97	92.72	0.89	-4.54	-7.63	-5.95
30.33	95.52	5087.02	11451.59	288.78	10162.69	13444.15	297.54	59.36	96.91	-7.01	2.28	42.58	92.84	8.69	-7.31	58.51	108.44	-6.53	6.1	-5.16	2.17
34.32	103.17	5070.79	11450.44	277.39	10153.08	13451.48	300.17	53.1	100.99	2.9	1.22	45.47	101.49	-1.56	-10.02	54.02	96.04	5.69	11.73	-10.74	10.12
31.55	89.17	5070.04	11444.05	289.69	10170.5	13428.33	309.27	48.67	100.71	0.2	6.02	44.82	109.73	2.5	-1.24	48.65	107.39	6.94	7.66	0.19	1.29
28.05	88.5	5090.87	11442.56	289.66	10171.	13445.48	304.93	48.18	91.52	-1.56	-11.93	57.14	109.43	-11.82	4.6	39.93	90.04	9.16	-4.57	-1.39	-1.89
33.63	89.97	5079.31	11450.88	286.44	10162.12	13428.49	310.2	57.48	110.5	3.45	-6.67	52.56	97.65	2.86	1.06	61.31	102.71	11.78	1.61	1.97	10.63
35.54	94.38	5078.69	11439.95	281.6	10149.27	13438.27	288.86	55.42	102.74	6.17	-10.66	54.58	97.3	8.39	-1.19	50.65	111.33	-6.43	-9.06	0.77	7.26
35.32	103.06	5068.29	11445.88	269.41	10170.03	13429.65	303.02	50.88	106.62	-7.84	6.49	42.41	104.85	-10.04	-2.75	40.42	108.43	5.04	8.07	5.31	-2.25
25.97	106.19	5090.98	11444.26	287.59	10164.08	13451.72	304.87	54.12	101.28	-10.91	-11.48	50.66	88.94	-2.23	6.47	56.23	94.15	4.45	-5.45	-3.95	4.89
32.74	106.12	5068.74	11433.32	278.49	10171.06	13447.27	291.81	58.23	97.77	4.07	-10.72	47.74	109.51	1.23	-0.85	38.81	96.89	-11.24	7.53	6.51	10.54
29.15	104.65	5090.66	11441.5	285.33	10171.18	13433.86	301.5	60.49	108.42	10.97	-9.74	48.96	100.07	-9.68	-4.32	41.35	110.95	-0.09	-8.25	-3.55	3.69
30.23	95.31	5080.5	11437.52	283.24	10156.26	13432.92	304.3	48.07	103.63	-4.45	-6.27	44.56	103.16	8.05	-3.27	48.58	96.48	-10.49	2.87	-6.39	-3.78
29.7	94.18	5072.35	11436.7	278.82	10151.21	13431.41	295.68	38.24	95.33	-9.31	7.17	45.56	88.17	8.41	0.05	56.93	92.26	-0.4	11.8	-7.75	-10.22
30.43	91.27	5078.19	11445.26	274.34	10158.22	13431.73	295.18	43.85	100.21	-1.47	4.17	50.47	93.78	-3.35	-9.6	49.06	108.04	-6.81	-8.65	5.87	-1.81
33.86	107.89	5080.72	11439.85	290.7	10151.48	13446.41	303.93	49.58	99.1	11.04	3.62	53.46	89.83	-1.51	-10.45	48.03	105.46	9.56	6.53	-3.87	6.57
30.07	91.75	5080.66	11431.81	279.93	10160.31	13451.22	296.57	41.96	98.55	-6.66	9.27	51.98	97.02	4.37	9.92	49.3	105.53	1.37	9.29	1.62	-6.68
30.43	97.84	5091.68	11439.42	284.25	10159.5	13428.76	302.75	44.76	107.75	11.34	-9.91	40.27	108.6	-1.16	9.37	55.74	109.83	-7.4	1.79	-11.46	9.82
27.78	102.51	5080.49	11437.95	277.5	10159.34	13441.27	299.24	53.47	109.99	-5.39	-9.72	60.12	89.47	-9.01	-0.03	40.87	89.8	-1.54	11.12	-2.35	-0.53
30.56	104.14	5080.43	11437.56	276.77	10159.8	13440.95	296.74	45.22	102.41	-9.73	-3.12	40.	95.79	-0.15	-0.57	50.57	99.56	1.58	1.36	-9.15	9.76
32.22	95.58	5075.5	11431.14	282.85	10166.56	13448.52	301.11	50.76	90.26	6.66	-10.4	43.49	93.89	11.1	-1.7	54.81	89.74	9.51	7.18	7.85	11.42
32.77	101.27	5089.68	11451.88	281.32	10158.87	13447.54	294.65	56.6	108.51	-10.41	9.3	50.01	101.66	-0.04	-4.87	51.72	99.2	-10.92	10.	10.12	5.2
29.94	92.79	5085.34	11433.31	273.17	10165.81	13446.84	308.91	50.66	110.	-3.42	2.13	55.05	102.83	-1.15	1.99	48.33	91.93	-1.39	-10.69	3.88	4.83
30.97	108.82	5083.2	11445.16	270.32	10159.92	13439.1	305.17	46.91	89.23	6.26	-8.8	50.59	100.62	-8.13	2.08	47.51	109.85	-8.16	9.24	-6.09	8.13
28.95	98.49	5078.69	11433.88	272.49	10170.71	13447.63	299.01	50.22	95.	-11.94	-4.11	54.83	96.73	11.54	-5.2	42.5	95.75	3.69	8.93	-11.95	7.91
31.07	94.04	5079.73	11450.87	287.95	10171.24	13450.64	300.94	45.61	102.77	-0.06	0.11	48.44	108.62	4.81	5.96	47.21	88.9	5.3	5.86	-8.44	-8.29
27.97	96.47	5089.38	11434.78	281.57	10165.69	13444.49	293.82	57.12	94.99	11.57	4.44	49.63	99.81	-10.93	10.57	53.61	97.48	10.94	-10.96	-4.92	6.55
32.37	98.24	5077.66	11450.14	276.35	10170.82	13433.87	297.29	56.59	98.86	-8.54	-11.48	57.06	100.88	9.68	-9.4	48.35	103.26	-0.33	-9.31	-2.37	3.88
27.25	105.24	5082.16	11444.08	286.75	10167.07	13437.17	290.1	45.57	102.66	10.4	-2.42	55.67	111.77	10.04	-5.63	54.84	89.07	-8.32	-2.51	-4.18	-11.62
29.02	108.36	5091.98	11446.45	269.36	10148.19	13435.24	298.68	43.14	95.73	7.49	10.87	38.14	93.09	5.54	-2.93	53.49	95.59	3.02	-0.68	-7.73	11.54
32.98	107.97	5070.87	11437.75	274.73	10152.99	13448.1	292.32	38.69	91.95	-9.67	5.01	58.18	101.12	-4.52	-6.17	57.51	89.78	-0.4	-7.75	1.27	-6.61
35.15	93.52	5075.37	11442.21	284.57	10158.2	13432.94	296.73	49.22	98.97	-11.13	-10.72	50.46	89.25	-2.86	-7.51	55.75	103.65	-4.06	11.81	5.51	1.79
26.08	100.48	5086.75	11442.88	277.52	10170.41	13436.89	303.57	53.54	107.71	3.89	0.14	42.19	101.92	1.73	11.89	57.36	93.3	-8.86	2.62	8.47	11.71
30.27	104.22	5074.49	11430.73	286.11	10169.64	13439.9	310.35	55.87	98.08	2.59	8.53	60.28	108.35	10.09	-7.07	44.59	107.02	10.11	9.64	-2.06	-1.41
35.27	108.82	5090.75	11451.54	273.13	10159.	13431.05	289.9	57.26	105.6	-5.44	-11.08	59.3	92.67	6.41	3.08	56.24	91.65	-6.72	-4.78	8.72	7.21
34.28	99.62	5088.1	11433.82	275.19	10167.12	13445.32	307.6	46.52	93.17	8.84	-6.84	38.19	99.46	-4.75	1.37	42.1	108.98	6.72	6.34	1.88	-10.75
34.82	111.16	5087.73	11433.93	282.03	10165.85	13431.3	306.63	51.06	102.61	-6.7	1.57	59.16	108.13	1.81	-11.55	50.39	90.74	-8.23	-4.05	5.61	2.
33.7	99.84	5080.61	11445.41	289.6	10169.61	13434.25	304.76	46.74	108.16	-9.52	11.31	57.28	91.37	0.51	-9.16	57.36	108.13	-1.68	-4.49	8.3	-1.8
25.15	107.22	5089.51	11439.41	270.21	10156.16	13436.47	301.49	46.03	100.19	11.63	-0.07	45.05	97.19	-11.07	-2.21	41.87	89.13	2.38	6.89	2.54	4.65
33.19	105.26	5086.17	11450.26	282.59	10167.5	13432.12	297.95	42.66	97.	1.89	-8.92	60.38	110.91	-0.61	-4.47	48.16	103.47	5.58	-9.07	10.61	-10.05
26.42	104.21	5071.28	11436.12	276.13	10150.1	13435.81	307.71	57.2	106.91	-8.87	1.86	56.49	105.39	-5.57	-11.76	43.13	111.13	-10.49	4.09	-1.17	10.56
25.22	96.26	5070.41	11441.75	282.27	10168.	13434.24	300.99	58.43	94.03	-1.96	1.82	42.74	101.38	8.32	10.88	49.59	90.5	-1.82	-3.23	2.32	-8.96
26.55	110.82	5082.56	11433.06	281.42	10158.64	13451.37	289.1	49.06	108.27	4.07	4.95	48.42	89.83	1.27	9.36	58.45	107.08	-3.95	-0.02	6.15	7.73
33.31	94.17	5078.37	11435.32	270.81	10160.36	13433.52	293.58	39.05	111.08	2.	11.29	55.51	92.78	-8.27	-6.22	44.72	91.44	-5.38	-4.64	9.22	9.73
26.37	93.4	5078.36	11429.71	281.93	10170.05	13441.11	304.7	40.65	96.97	1.28	5.22	55.96	109.02	10.34	6.2	57.69	94.65	-8.93	-1.38	-2.92	2.93
27.59	110.56	5082.87	11451.8	278.27	10163.79	13446.59	291.62	52.64	102.	6.52	-8.18	43.02	91.12	9.31	-11.91	60.51	95.04	-3.83	2.28	-3.93	-9.7
25.08	96.66	5069.13	11449.5	283.85	10163.41	13439.87	298.57	39.28	90.03	-9.92	-9.5	50.32	104.32	9.93	11.45	42.68	109.51	-4.83	-10.43	-3.52	-1.51
32.21	95.68	5076.46	11442.	275.45	10157.18	13441.03	296.46	39.84	92.62	-11.08	-8.78	54.81	90.15	2.03	7.46	43.98	96.55	-3.53	-6.43	-6.35	4.09
30.7	94.73	5073.33	11436.77	269.16	10162.27	13444.26	293.51	43.88	91.34	4.71	-7.35	43.61	92.58	-10.89	8.31	56.39	107.63	11.82	-10.71	9.94	-2.8
27.7	93.24	5089.62	11433.69	290.97	10168.37	13436.62	302.74	45.81	110.17	9.78	10.07	38.33	106.79	4.24	6.12	41.45	97.93	8.09	4.9	-11.02	-3.23
29.55	95.4	5083.5	11447.39	289.11	10171.98	13439.13	297.81	54.77	94.89	2.09	-5.07	60.24	96.26	-10.55	7.24	58.66	109.96	9.18	0.97	-9.85	4.11
34.68	103.99	5069.44	11450.08	291.98	10157.09	13447.98	295.84	42.62	96.23	6.06	-0.55	48.62	91.02	-2.79	-2.9	48.54	99.3	-1.	-10.71	-4.33	-8.98
27.45	88.49	5085.51	11441.17	269.49	10155.98	13430.	301.74	58.99	90.33	-6.76	11.98	52.37	95.13	-7.64	-4.58	44.73	111.66	3.76	-8.4	-0.82	5.92
24.73	97.56	5075.94	11451.72	281.45	10153.38	13450.31	301.02	61.85	109.98	8.76	-10.06	48.74	89.6	-8.5	0.11	51.09	90.01	-11.84	10.38	7.94	-9.79
32.5	109.72	5068.79	11432.02	288.2	10158.13	13449.72	296.07	57.31	109.87	-7.46	-11.59	58.45	91.17	10.36	0.89	46.09	90.37	7.34	-2.03	-2.68	4.35
34.04	108.9	5084.65	11442.81	275.62	10169.81	13435.8	303.1	54.47	105.82	-10.01	-10.3	60.44	107.14	10.96	-11.07	53.2	94.58	-11.69	-6.57	-10.07	-0.09
28.2	93.87	5083.53	11443.35	274.07	10156.16	13441.2	300.83	54.13	88.16	10.67	5.79	44.96	109.33	7.37	5.02	55.05	111.64	2.89	-6.93	-0.21	11.15
33.39	88.86	5074.86	11430.75	289.04	10157.11	13448.55	288.73	56.81	109.58	7.09	6.5	53.1	108.16	-7.68	-4.77	40.23	102.75	-8.26	4.85	-0.79	0.54
27.19	97.18	5074.9	11438.64	276.11	10153.49	13445.9	311.49	47.74	102.47	3.85	1.34	61.37	99.29	-0.57	11.23	45.91	91.57	-5.01	-5.49	4.17	11.79
28.18	90.86	5080.55	11442.33	272.44	10152.03	13433.35	307.	59.73	90.9	-1.12	-8.43	42.71	98.33	9.54	4.11	56.25	97.84	-10.49	9.94	-8.91	2.29
35.64	102.	5082.88	11437.13	291.06	10159.64	13430.67	308.31	44.72	102.82	9.25	-0.94	55.08	101.25	5.67	-11.2	50.37	97.52	4.53	10.74	6.52	8.26
24.39	102.51	5078.63	11431.36	272.7	10155.81	13451.21	306.07	43.49	98.94	10.39	-10.66	44.66	105.49	-4.25	-5.3	49.97	91.94	0.74	-2.78	-7.83	8.
24.27	94.76	5072.8	11433.88	288.49	10164.71	13441.1	303.49	51.27	94.96	-6.62	-7.66	57.44	105.85	-9.83	-11.74	56.49	98.28	7.38	9.33	0.88	-2.36
24.37	100.22	5075.31	11430.35	277.83	10158.29	13447.03	293.51	41.14	106.97	6.75	8.96	41.	101.68	2.98	-4.34	51.91	110.74	7.3	9.14	-4.15	5.25
33.23	94.59	5068.87	11445.99	290.85	10151.81	13440.35	293.92	54.17	106.76	-9.62	-11.49	57.97	95.71	-7.42	2.31	54.16	98.93	10.04	-2.19	-7.3	0.16
27.83	101.16	5083.78	11434.73	279.39	10156.09	13434.72	301.43	60.2	90.39	11.34	10.27	48.11	109.23	1.94	-8.82	46.82	89.76	6.03	2.19	8.89	4.26
28.86	106.16	5081.61	11444.47	278.76	10152.55	13438.91	296.98	42.63	94.3	-1.23	-5.29	41.31	93.82	8.04	-8.53	49.58	93.51	-4.34	-1.17	-10.67	-4.51
29.1	94.48	5082.06	11428.32	281.17	10166.77	13436.99	297.62	41.25	103.88	6.7	4.7	40.18	105.82	2.82	3.6	51.02	111.13	7.84	-11.61	3.04	-8.32
27.07	94.83	5070.99	11430.85	287.83	10169.52	13450.24	299.46	57.65	101.42	-9.72	7.58	52.86	99.34	-8.06	-8.09	49.99	89.21	11.6	-5.34	-0.88	11.19
26.02	95.09	5085.33	11444.9	291.24	10165.94	13438.27	307.8	44.01	90.95	-0.99	2.57	50.16	98.19	1.48	6.81	40.32	94.48	0.95	-9.55	-10.86	10.54
24.99	99.93	5086.2	11450.89	277.52	10157.3	13450.37	297.11	49.18	90.17	-3.28	5.19	56.96	103.27	-1.01	10.34	51.41	102.06	5.76	-0.02	9.17	4.75
24.48	96.27	5080.3	11431.89	289.69	10170.5	13439.91	291.2	43.25	107.4	5.99	-2.84	45.88	103.26	-2.21	6.83	54.91	108.05	11.94	-2.86	0.27	-0.86
28.31	88.6	5089.04	11433.33	278.65	10160.92	13431.24	289.01	40.21	89.62	-8.23	2.43	43.66	90.23	5.15	11.01	44.86	108.4	0.25	9.86	-6.9	10.85
28.25	92.93	5091.33	11433.59	288.93	10170.12	13431.01	301.33	60.27	106.48	1.22	-0.71	60.13	91.7	-2.85	9.71	59.83	105.09	0.76	-1.76	-3.2	-10.16
24.69	98.73	5078.74	11443.53	278.95	10164.02	13447.3	289.39	46.7	94.42	10.95	6.46	56.9	101.11	5.56	4.69	40.58	107.67	-7.67	-0.58	-11.94	3.6
25.81	89.62	5088.85	11451.29	269.62	10157.64	13428.81	288.45	57.37	96.45	3.41	-7.95	46.5	109.51	10.93	-10.47	58.96	90.9	9.	-5.83	5.01	6.93
33.23	106.39	5073.09	11445.53	271.05	10158.06	13449.63	299.92	38.26	108.86	-5.57	8.19	55.48	97.07	-3.73	-6.86	42.05	105.67	1.85	2.38	4.6	-1.94
25.09	110.1	5069.36	11439.88	290.82	10171.08	13440.11	290.31	38.98	107.58	5.51	-10.2	61.84	90.66	-9.34	4.43	46.91	98.04	4.16	7.39	-2.44	9.66
28.96	106.73	5084.9	11444.2	273.67	10158.17	13437.97	292.98	59.36	89.43	-10.64	-2.56	61.59	91.41	0.36	2.32	44.95	98.94	-7.62	-4.31	0.12	5.89
27.14	96.8	5072.38	11442.87	288.05	10157.3	13430.47	309.37	52.63	90.43	9.94	0.1	51.3	107.17	9.07	-0.71	55.81	96.55	3.8	2.89	1.1	9.1
33.31	93.15	5089.41	11449.1	274.59	10158.15	13430.71	290.86	61.36	100.7	10.52	3.81	45.65	105.5	5.55	-7.85	43.27	99.72	-10.68	5.23	7.32	-0.66
35.03	94.32	5082.15	11430.3	274.03	10162.06	13439.88	306.53	54.56	101.01	-4.1	-1.08	38.39	100.2	-10.63	7.73	48.39	100.75	9.38	-0.1	7.25	-0.14
26.89	108.53	5090.48	11439.25	281.12	10151.02	13451.13	290.32	48.2	92.18	-8.18	3.04	50.57	110.87	-5.05	1.65	58.88	92.16	9.71	-1.11	-1.49	8.63
28.45	111.26	5071.04	11439.48	271.89	10162.05	13437.55	311.51	50.79	107.34	10.76	-2.69	58.51	109.13	8.23	5.51	41.31	91.53	-2.42	6.41	1.66	8.43
32.67	101.67	5073.12	11435.72	291.77	10148.25	13451.53	308.1	51.73	103.21	-0.2	-3.71	47.45	111.08	9.12	7.6	58.82	95.32	10.33	-0.77	3.87	-1.85
30.87	110.43	5083.34	11435.01	287.18	10170.27	13431.31	291.3	57.5	95.57	4.7	-2.	38.38	95.42	-7.65	10.61	55.1	95.6	1.33	-0.61	-9.99	-1.13
30.09	110.52	5081.44	11439.64	271.22	10148.29	13449.12	297.91	38.12	101.56	6.88	-10.41	52.63	106.21	6.69	0.48	46.84	111.67	9.97	8.08	-9.99	10.36
27.62	109.87	5086.19	11448.38	285.2	10171.02	13431.48	304.75	60.77	109.92	1.83	10.8	51.68	103.44	-2.41	6.36	44.89	99.12	-6.06	-1.84	11.03	-9.66
26.1	110.08	5081.77	11437.79	278.04	10169.08	13431.29	308.37	44.34	92.89	5.43	4.	58.25	92.72	-4.96	-1.6	40.87	91.84	1.3	0.97	-2.27	-8.06
28.49	90.53	5089.46	11436.37	268.72	10151.01	13436.8	298.19	42.43	108.6	-9.4	0.29	60.37	109.53	8.68	-4.53	44.01	98.44	5.08	-6.92	-5.27	-2.98
24.71	98.02	5070.66	11448.98	272.88	10171.55	13442.65	304.98	52.06	98.15	-2.81	-7.79	40.08	91.	-8.19	-5.88	50.97	95.04	8.85	11.43	-5.92	-11.5
30.73	104.33	5090.22	11441.01	277.23	10156.51	13452.	293.78	61.84	108.84	0.24	-1.97	61.45	102.96	5.96	10.29	46.18	93.11	3.19	-5.68	9.62	-6.07
28.25	90.93	5074.58	11431.08	282.7	10159.29	13445.04	288.6	52.61	109.71	2.08	-10.97	42.57	88.1	3.2	-5.88	45.91	88.39	-5.3	-6.82	4.06	10.45
24.63	88.94	5076.7	11448.34	271.18	10156.44	13444.57	289.53	49.26	109.05	-1.91	-2.56	48.41	96.36	-4.51	7.72	56.81	97.06	5.29	4.76	3.81	-4.67
28.54	107.97	5068.46	11435.51	291.38	10154.02	13445.46	294.83	51.02	106.9	3.94	9.62	56.71	107.96	-2.27	10.13	51.11	97.73	7.96	-5.33	-7.81	-2.01
33.48	95.06	5084.58	11440.84	274.44	10170.97	13437.54	308.53	56.81	107.42	10.92	3.85	55.34	107.84	-2.12	-6.04	57.39	91.24	-9.97	-3.4	9.04	-11.09
24.84	93.28	5074.2	11447.2	272.12	10160.56	13445.93	307.5	60.67	110.33	-11.83	-10.12	55.79	101.56	-5.34	2.85	38.91	100.26	-8.44	9.16	-8.15	4.5
25.95	90.97	5073.53	11428.98	284.57	10149.03	13451.67	295.15	52.39	99.42	-0.13	4.35	45.69	90.7	0.54	2.46	56.7	109.71	0.07	-11.38	-0.01	5.16
33.71	94.51	5087.13	11434.2	270.91	10149.46	13444.13	294.78	47.5	109.14	2.97	-10.13	61.9	92.34	-5.86	7.75	46.47	92.23	-4.25	-4.7	5.92	-7.72
24.28	93.73	5076.19	11429.22	275.16	10167.56	13435.1	310.91	50.38	109.84	0.03	-6.01	43.15	99.1	5.5	-9.18	48.13	106.94	9.75	-9.37	6.76	11.93
28.4	93.96	5083.97	11441.79	285.45	10150.7	13440.95	295.2	57.5	106.05	-9.12	3.21	42.47	88.91	-3.97	9.77	40.44	91.55	-2.33	-5.84	-1.6	-3.61
29.2	88.16	5076.94	11432.89	281.7	10150.26	13436.48	289.31	46.07	102.67	9.52	-5.46	58.09	92.54	-4.76	8.33	46.66	92.73	-4.05	-10.75	-8.22	-2.22
31.93	91.21	5078.63	11432.58	290.5	10163.63	13441.47	306.95	60.43	98.72	1.21	-11.	61.25	110.24	4.69	-0.45	48.47	108.44	-0.03	11.02	9.24	-2.6
26.19	95.62	5077.14	11449.67	282.45	10148.8	13433.76	308.15	41.06	99.47	3.36	-0.51	47.65	104.95	4.68	3.94	41.94	89.29	-6.7	8.4	10.02	1.04
35.99	105.97	5080.42	11448.43	282.77	10161.68	13448.19	308.35	42.36	101.19	7.84	-8.62	52.44	95.77	-4.49	5.52	55.09	96.27	8.64	11.4	0.4	10.41
30.45	97.39	5076.05	11428.4	290.02	10165.31	13428.66	301.04	58.61	102.02	-8.01	1.46	57.34	92.6	-3.59	3.58	47.38	95.49	-2.7	6.41	4.37	-5.96
33.4	106.67	5089.44	11433.09	286.	10150.31	13439.05	298.29	56.34	100.02	7.82	2.78	43.79	99.76	-4.99	-7.3	42.35	96.64	7.74	9.6	-1.21	10.06
33.36	89.06	5071.38	11449.34	276.46	10163.57	13442.94	288.75	53.46	110.99	3.28	-4.02	44.82	105.71	4.82	2.59	59.69	100.42	-1.8	-1.02	-9.62	5.15
35.25	109.78	5080.08	11446.39	276.82	10150.31	13442.62	296.25	53.67	109.27	-1.	4.82	60.27	93.4	5.38	6.7	41.97	107.78	8.64	-4.05	10.56	-0.53
25.82	96.67	5080.71	11450.57	272.79	10162.48	13445.02	291.73	39.99	95.75	1.38	9.74	50.63	104.73	-10.31	3.39	52.72	92.61	-0.85	-8.23	9.12	-11.26
35.78	102.87	5079.37	11445.61	278.02	10158.4	13448.2	290.18	58.02	108.06	6.22	-9.67	43.9	97.86	-0.97	-3.54	44.23	111.56	-2.72	8.45	-0.38	0.63
27.95	95.18	5077.06	11429.92	275.94	10157.28	13436.65	298.27	41.14	92.46	-7.75	2.	55.73	103.28	11.16	11.78	47.04	104.23	-1.14	-7.31	-5.11	4.66
32.05	110.01	5091.53	11444.24	269.15	10171.03	13429.98	302.54	57.23	111.51	0.	-11.	59.65	96.34	10.81	1.97	54.62	100.99	8.02	-2.58	1.76	9.99
33.27	106.7	5079.45	11437.94	285.87	10162.47	13441.43	292.28	53.96	89.23	11.12	-1.38	61.08	109.07	-6.85	11.06	55.54	105.13	-9.12	9.14	1.44	7.41
25.12	94.31	5091.03	11451.56	283.25	10148.75	13451.13	291.07	41.45	108.49	-3.31	0.01	53.74	89.85	1.12	-8.91	45.53	111.38	9.58	-9.16	6.56	-7.81
28.78	101.99	5079.09	11443.25	282.05	10166.02	13431.65	293.7	58.4	92.53	-9.32	4.79	58.15	105.19	6.59	-9.41	61.46	94.01	-9.54	8.49	-9.09	-3.32
24.08	104.05	5086.5	11447.97	286.19	10165.23	13438.16	294.27	45.8	89.01	7.8	2.06	41.88	107.65	-10.18	-9.4	61.03	104.25	-8.07	-9.72	8.94	10.32
31.14	92.	5084.97	11441.73	269.32	10158.52	13442.69	294.32	54.92	93.4	-3.36	9.98	56.41	100.99	0.26	-4.82	51.46	111.64	4.08	-4.74	-2.25	-7.81
34.45	104.46	5068.18	11429.23	285.45	10171.21	13437.65	304.82	49.15	104.89	7.81	-0.6	46.35	107.5	-9.87	1.46	60.99	93.7	-5.53	-4.51	5.47	-0.16
31.6	96.97	5079.89	11448.12	282.14	10162.95	13430.06	290.69	47.57	92.81	0.21	8.08	42.83	104.01	8.29	-5.09	45.7	103.02	-1.86	-3.1	2.77	0.87
26.19	110.07	5087.67	11431.96	285.59	10169.99	13432.71	307.34	55.63	103.65	-8.48	-0.11	59.35	92.74	-11.6	3.71	46.42	89.83	4.86	9.54	9.67	-1.07
29.22	106.58	5078.58	11441.88	290.27	10170.92	13440.86	301.84	54.19	94.49	3.5	-5.84	48.82	96.81	8.19	-4.33	52.75	106.6	10.66	-8.91	-8.45	6.21
30.83	88.9	5071.1	11429.43	276.38	10165.46	13437.9	299.26	49.48	104.08	1.02	11.35	57.91	97.18	-7.26	-9.42	60.95	101.13	3.52	-7.83	-3.09	5.13
31.36	97.76	5087.04	11431.77	278.11	10168.58	13451.15	294.45	61.17	88.2	-0.12	7.37	39.48	97.52	-0.21	4.53	43.16	88.11	1.26	-1.39	4.64	11.35
28.13	109.49	5080.98	11450.44	288.05	10166.82	13432.35	299.2	47.17	108.04	-8.99	3.7	39.29	96.06	-10.13	-1.47	55.99	90.69	-3.48	11.41	4.61	-9.89
33.09	98.65	5070.54	11439.39	270.75	10171.95	13439.7	302.13	44.42	100.48	2.36	-10.77	57.39	89.92	5.21	0.63	49.4	92.31	7.25	-8.6	-9.47	3.66
28.68	91.72	5072.36	11431.66	272.58	10167.94	13443.79	311.99	58.86	90.3	3.74	-9.02	40.37	98.53	9.1	-6.27	51.13	96.94	6.58	2.25	9.94	10.52
29.73	89.58	5072.17	11441.68	269.69	10155.52	13440.81	292.01	58.36	98.9	11.56	-9.2	61.08	91.54	7.29	9.31	42.19	107.86	-9.93	9.9	-0.71	-0.3
29.27	111.71	5071.57	11445.28	290.33	10168.88	13440.57	301.15	51.09	88.4	3.01	-7.54	60.35	104.38	3.28	0.3	46.43	91.03	11.69	-7.25	0.05	-11.1
24.9	110.99	5072.97	11443.36	282.95	10157.15	13436.46	300.34	45.22	96.54	-6.81	1.01	42.	90.8	6.39	-1.96	57.79	97.42	3.83	-0.67	-5.78	1.
29.88	103.62	5091.59	11448.54	272.5	10167.86	13431.44	297.12	48.72	107.36	-4.75	-2.13	40.15	96.66	-10.71	-3.56	43.72	109.72	5.62	-10.02	1.63	7.75
28.52	108.74	5077.52	11430.42	276.2	10161.81	13432.02	288.98	45.43	91.89	-4.83	-5.77	59.75	105.56	2.39	1.83	58.52	96.12	6.74	-0.73	10.1	-5.27
24.92	109.96	5089.53	11435.45	291.44	10170.63	13440.33	300.03	44.31	104.27	-6.97	0.64	53.82	101.91	8.21	9.68	49.32	100.52	2.01	7.41	7.31	-10.05
35.35	107.49	5078.27	11443.15	272.34	10158.42	13450.47	293.8	42.35	94.83	-11.91	4.23	50.27	90.68	-1.54	-10.16	53.7	102.05	9.83	2.77	-0.86	-5.89
28.23	105.73	5075.31	11441.32	276.65	10170.48	13433.75	291.49	44.23	102.34	-9.24	-1.36	42.27	92.56	7.63	-6.72	57.05	88.35	-0.29	-11.21	-7.24	-4.25
32.44	109.8	5081.1	11440.79	285.43	10157.64	13441.28	288.5	39.54	98.15	-6.04	2.69	61.33	103.77	1.53	-1.63	60.31	92.06	0.71	6.04	1.75	9.03
35.81	104.22	5068.72	11447.93	289.1	10165.59	13432.69	293.75	47.01	110.72	2.97	-8.3	43.95	92.28	-9.36	-4.98	60.2	100.07	-11.24	6.46	6.05	3.4
35.13	97.71	5091.58	11429.74	282.15	10156.45	13443.93	289.1	40.67	89.84	-11.11	10.59	54.04	88.31	-7.69	3.47	61.08	111.36	11.27	5.02	11.8	8.22
32.75	111.86	5081.18	11444.37	283.39	10164.86	13449.93	304.27	46.17	102.13	0.59	-6.77	40.94	90.82	-5.79	5.99	48.43	96.92	-4.51	8.75	-11.42	6.74
31.59	103.79	5084.64	11443.42	282.42	10167.65	13450.12	294.61	48.75	110.58	-6.53	4.01	38.71	88.5	2.54	-5.25	57.24	88.29	8.18	9.76	0.63	-9.43
31.56	100.33	5081.84	11442.22	289.49	10168.19	13451.06	305.87	58.15	96.95	8.3	8.58	46.99	109.77	-4.29	4.84	59.49	103.56	-0.3	9.84	-4.48	-11.51
32.58	91.62	5086.5	11447.01	287.27	10150.31	13446.96	311.25	38.06	107.88	-8.07	11.1	58.02	108.64	11.75	6.18	40.12	91.35	7.95	2.43	-6.4	9.45
31.53	102.68	5078.14	11445.37	272.08	10155.94	13451.53	306.65	42.97	95.71	-1.18	-9.23	51.29	108.99	11.33	2.54	44.43	103.76	-5.88	3.55	7.52	7.85
26.52	99.71	5069.28	11440.61	273.73	10159.01	13428.74	302.28	50.65	95.06	-10.73	-1.63	48.33	103.3	8.68	-2.44	61.41	108.3	0.06	-4.08	2.71	11.62
29.05	93.23	5082.17	11449.48	274.7	10152.19	13433.17	302.93	53.97	106.02	-5.21	7.08	46.51	102.43	2.39	-7.78	46.78	102.19	-4.93	10.49	-10.47	1.
30.54	95.27	5082.42	11439.3	287.29	10167.08	13434.67	300.47	46.74	111.98	-8.97	5.91	40.26	106.21	-3.83	3.26	43.69	101.41	-4.73	9.44	-0.88	7.39
26.89	99.62	5075.92	11435.27	279.46	10149.88	13443.71	296.09	58.93	96.65	7.54	5.54	61.82	89.73	-8.29	-0.55	55.31	98.88	11.62	-8.23	7.8	-6.5
28.05	107.83	5075.78	11432.46	290.05	10167.34	13436.24	295.51	39.87	110.71	3.83	-9.3	45.71	98.62	-4.26	3.76	40.71	106.6	11.43	2.42	-5.71	-2.24
29.02	102.72	5077.45	11432.63	291.67	10152.41	13445.73	309.58	47.3	93.21	10.62	3.65	49.61	94.53	-3.48	-10.8	39.59	102.27	-8.32	-10.82	2.99	5.11
25.46	108.51	5086.	11428.27	290.99	10166.81	13437.28	301.62	51.42	91.97	-3.24	-5.21	39.96	111.12	8.83	-11.72	42.88	92.06	3.28	-6.22	7.48	5.83
30.43	92.76	5069.58	11440.33	281.23	10150.36	13448.93	303.59	61.	106.49	5.34	4.9	57.23	92.32	-10.87	0.97	42.9	108.42	7.42	-11.99	5.51	0.18
32.85	100.34	5068.43	11445.26	271.94	10171.15	13431.96	294.58	48.36	102.6	6.47	8.19	56.38	100.89	-2.89	-2.7	49.93	107.77	-0.82	3.76	10.76	8.61
32.45	96.22	5077.85	11439.91	287.12	10162.26	13449.08	302.4	39.11	102.49	10.64	9.64	55.9	91.29	0.81	6.17	55.54	111.23	-8.49	-2.33	-1.61	-2.61
32.77	101.91	5070.16	11450.03	269.77	10153.01	13438.24	292.19	38.52	102.25	5.02	6.9	41.22	94.7	0.79	-2.66	39.92	93.45	-6.	-8.64	7.65	-3.5
27.84	106.	5083.94	11433.55	277.64	10166.81	13447.65	294.89	43.39	108.03	2.55	-3.07	52.93	98.76	1.95	11.95	55.53	89.87	1.78	4.27	-6.41	-6.47
35.37	90.27	5079.25	11439.38	279.25	10167.21	13432.38	296.65	60.75	100.81	11.86	5.33	38.04	108.46	-4.61	3.88	60.54	94.39	3.71	-7.69	-3.86	-0.79
34.6	97.14	5079.7	11434.19	283.	10152.41	13435.12	294.49	55.04	88.22	-5.67	-8.26	45.29	107.27	6.23	10.6	51.79	88.07	0.9	-9.55	0.54	-9.83
29.75	88.22	5084.02	11440.82	283.7	10166.35	13443.59	305.79	48.43	108.14	11.06	-0.08	46.26	101.37	-5.89	3.8	59.87	101.2	-11.87	7.29	7.02	-9.84
28.29	98.09	5087.52	11450.31	291.34	10151.56	13430.54	293.44	60.9	107.84	-7.99	9.63	47.9	100.78	-5.67	1.2	41.93	104.49	6.2	-5.01	9.5	1.7
34.25	107.61	5085.47	11437.1	286.48	10162.74	13432.49	310.47	40.93	94.16	-7.48	-4.81	42.65	91.48	4.29	-10.12	56.82	96.13	-6.8	-7.5	6.45	-4.04
24.92	89.08	5088.66	11438.73	289.26	10150.02	13447.59	296.38	52.54	98.89	3.92	7.07	54.92	97.26	2.	3.6	54.97	89.8	7.22	2.28	4.22	-6.53
24.22	110.09	5077.53	11434.63	291.17	10148.07	13446.56	303.45	41.08	109.81	-5.91	-2.14	60.36	107.55	3.39	11.8	43.64	93.3	-2.96	-8.96	5.35	10.8
24.4	101.5	5072.36	11443.84	289.54	10167.43	13437.54	301.44	52.27	104.12	4.18	-9.96	52.39	102.53	-8.89	10.37	54.16	94.78	7.28	1.22	-11.39	4.06
28.68	98.58	5077.44	11438.78	285.57	10156.38	13433.65	308.41	51.38	105.91	-5.72	-6.18	40.5	89.49	-2.2	-8.32	54.77	102.7	-8.38	-5.31	-2.32	-7.62
27.39	97.46	5077.54	11432.	285.17	10165.67	13433.14	295.42	38.6	106.91	-10.3	3.27	43.29	88.82	10.37	-0.52	57.04	99.92	10.91	-9.13	9.32	4.73
29.36	101.05	5074.58	11446.29	286.35	10159.56	13430.94	295.81	50.89	88.41	10.07	-8.1	51.41	102.17	-9.85	5.6	39.58	93.9	-3.3	-2.31	11.32	3.94
27.12	102.	5069.01	11449.12	273.63	10149.88	13438.94	302.59	60.84	99.69	-8.91	-2.61	41.56	95.68	-6.78	-3.5	44.69	97.66	4.47	-4.8	2.84	-2.25
32.98	94.78	5071.75	11442.19	287.56	10163.03	13429.73	302.64	46.07	108.98	-11.06	-1.51	59.59	96.96	11.48	2.31	61.11	100.17	-1.07	9.2	7.48	-4.79
34.68	109.05	5090.96	11442.05	288.22	10171.73	13432.78	297.76	60.17	99.95	-8.93	7.86	38.4	102.51	-3.3	-5.84	48.34	102.99	9.74	-8.01	-7.06	11.42
35.27	105.56	5069.27	11430.7	281.16	10167.6	13437.6	288.9	60.1	102.87	1.04	-5.93	61.44	98.68	0.92	7.65	50.43	93.75	2.42	0.78	-11.69	8.62
34.82	107.12	5086.2	11439.02	272.76	10154.05	13432.85	310.78	48.81	106.16	-2.86	9.87	48.01	96.9	8.81	1.95	38.51	89.	-4.76	3.68	-5.38	-7.25
29.21	110.94	5079.27	11432.13	277.49	10152.9	13439.91	300.05	43.52	92.92	-7.2	-3.57	59.84	105.88	5.	-5.77	50.53	102.81	-7.88	-8.46	-10.78	-7.22
31.01	104.19	5086.79	11441.04	268.5	10151.71	13433.52	288.49	38.08	101.5	-11.07	1.95	53.16	93.6	1.89	11.93	60.44	102.59	-3.74	10.65	-5.42	-4.63
29.81	103.14	5070.74	11431.38	279.42	10152.56	13447.52	309.31	50.51	91.62	-1.39	-4.98	50.56	103.64	9.09	-8.24	51.	105.22	-3.73	5.96	5.	-8.27
27.65	107.25	5071.55	11445.19	290.36	10149.79	13431.78	298.58	38.36	105.9	8.64	-2.56	42.96	93.65	-6.52	-4.76	38.33	99.96	4.13	6.14	-8.94	-1.11
24.91	91.28	5072.78	11442.81	268.97	10171.9	13433.29	301.95	42.2	99.81	6.68	3.97	60.42	98.14	-7.34	0.57	40.55	102.23	-10.88	-6.63	-9.37	-4.53
30.04	104.28	5086.95	11441.8	274.9	10152.96	13440.81	294.88	54.22	92.04	-3.09	2.77	53.	96.41	-3.13	-6.06	47.38	96.56	-0.27	3.87	-9.12	-8.93
25.89	98.43	5081.79	11449.35	271.42	10166.77	13450.59	303.46	56.85	102.45	9.61	7.61	50.06	97.61	-1.88	-6.69	56.24	102.09	-7.33	3.38	-2.52	8.26
29.27	104.88	5091.89	11446.71	290.	10170.19	13438.01	300.79	49.92	89.12	-4.48	3.64	60.54	100.	-3.67	7.69	54.2	105.6	9.7	11.68	8.56	3.7
30.	96.02	5068.15	11442.34	277.44	10165.09	13442.76	311.91	48.26	97.12	11.27	3.54	44.44	93.14	-1.08	-11.1	43.37	100.57	-2.53	5.03	1.02	-4.28
29.42	91.93	5081.57	11435.78	276.38	10156.3	13446.61	293.6	49.67	96.33	9.9	-11.41	54.66	106.38	-4.15	2.21	51.17	111.3	7.69	-0.8	9.75	-5.14
24.23	91.75	5087.71	11444.56	291.18	10148.62	13446.61	296.17	38.57	96.91	10.68	1.56	53.12	93.78	7.71	-7.03	46.85	108.2	-11.35	-10.77	8.58	5.58
29.13	107.81	5083.56	11428.82	276.27	10152.69	13429.28	308.68	47.87	105.24	-2.14	-5.45	61.31	101.01	2.84	4.01	48.42	98.47	8.93	-9.82	-0.68	0.86
31.17	98.32	5091.57	11445.26	288.9	10158.65	13450.97	292.76	42.43	95.1	3.43	6.24	60.02	103.53	-11.9	11.89	52.38	95.1	9.99	7.97	-0.56	-2.84
29.5	101.32	5084.76	11447.78	272.08	10154.74	13439.78	293.74	49.19	111.19	2.15	-9.65	38.01	99.14	-6.54	10.8	39.89	96.94	10.54	4.97	-1.71	3.3
35.7	99.07	5070.13	11434.41	282.22	10163.25	13438.77	299.21	48.85	104.08	-1.98	8.43	48.21	92.67	-1.1	-6.83	42.51	108.8	2.38	-10.09	1.79	7.17
26.8	104.37	5091.69	11437.58	289.15	10150.53	13440.57	298.69	42.24	95.66	8.79	-7.87	57.49	90.14	-7.49	-10.21	59.08	104.51	2.19	4.23	-0.83	-4.86
26.71	110.05	5075.05	11438.08	280.12	10167.25	13433.15	296.73	47.68	107.34	-3.06	6.25	45.41	108.87	0.3	-0.51	40.	90.44	-1.38	9.45	-4.04	2.45
26.2	91.31	5078.4	11444.65	275.17	10170.31	13442.86	304.85	46.68	104.07	-10.77	7.51	56.96	93.94	6.84	-3.65	55.62	99.25	1.17	4.44	-6.46	-6.88
25.83	104.17	5071.1	11441.71	290.43	10168.12	13449.26	311.84	59.53	101.01	3.57	-3.09	45.82	94.52	-9.42	-1.23	58.45	110.36	9.76	-8.04	2.85	2.31
34.53	92.47	5089.53	11443.51	275.97	10161.34	13443.45	298.03	50.81	108.29	6.05	-3.91	53.31	102.82	-10.64	9.79	59.87	96.95	-9.34	9.47	-4.64	0.4
31.2	100.28	5080.4	11432.45	282.87	10150.62	13436.53	306.	53.72	99.63	-9.07	11.54	45.74	92.93	2.77	-5.44	49.11	96.08	-6.19	5.87	-5.45	-8.02
32.01	102.2	5090.78	11451.48	287.62	10151.33	13443.49	292.6	47.52	105.55	-9.44	1.9	40.47	108.62	1.58	2.57	55.48	94.59	-11.13	4.21	-8.2	-0.57
24.08	101.7	5090.66	11434.9	271.37	10162.28	13446.52	309.65	59.51	104.14	-9.06	10.8	39.25	98.02	0.64	11.31	43.38	101.25	-3.34	-11.07	-3.89	4.43
29.3	108.4	5075.04	11446.5	286.74	10164.57	13434.89	302.12	55.17	106.81	3.7	-10.75	46.93	98.3	-5.26	5.39	53.85	109.01	-1.53	-1.11	-5.4	-0.12
34.14	108.16	5079.53	11429.06	283.63	10161.29	13445.04	298.86	51.8	102.99	-4.74	-9.2	40.59	108.78	-5.95	1.39	40.13	110.64	2.76	-10.59	5.47	-4.11
31.08	92.71	5075.01	11438.54	286.32	10158.82	13438.43	296.44	52.78	99.21	11.5	11.42	51.33	101.73	-0.5	-6.56	48.02	104.73	-10.71	7.	4.78	-9.51
29.66	92.67	5083.72	11451.72	278.57	10157.9	13451.24	307.64	44.73	90.24	-2.09	-6.43	40.5	94.99	6.1	-5.41	48.43	99.28	4.7	11.97	5.29	6.19
28.16	105.71	5073.22	11442.73	279.25	10154.05	13434.37	295.99	61.68	94.72	11.15	9.13	57.82	96.62	-3.29	0.55	59.73	97.12	5.15	-4.81	11.95	-8.96
28.94	105.44	5086.6	11444.	273.95	10157.48	13438.75	297.28	38.67	111.02	-2.75	-9.24	41.27	108.72	-10.14	4.65	48.81	108.56	-11.16	0.7	5.59	-6.97
34.67	110.38	5088.7	11448.39	284.48	10165.41	13431.85	296.51	38.18	107.95	-5.5	-2.38	53.	111.41	-4.12	10.56	59.73	95.98	-8.1	-11.73	9.53	3.9
24.96	101.03	5079.76	11434.72	277.35	10164.12	13443.49	291.93	40.43	110.49	-1.65	8.82	47.36	101.13	5.24	7.37	43.03	90.02	-10.55	4.49	7.73	10.75
29.54	105.94	5077.44	11431.65	277.92	10167.86	13443.95	292.73	50.57	109.45	0.64	5.56	59.44	95.94	2.97	7.78	53.5	104.54	-8.73	-10.5	-3.28	4.52
34.72	104.56	5079.31	11447.88	283.91	10150.56	13429.6	298.39	54.57	111.88	10.95	-5.78	57.6	102.19	-2.63	-6.24	53.97	93.34	2.76	-5.53	-9.73	-7.63
34.31	101.16	5070.78	11449.61	279.37	10162.17	13438.17	290.73	42.66	98.54	2.35	7.48	43.34	99.39	7.87	8.78	61.5	91.51	9.88	-10.11	1.59	-4.52
27.61	107.39	5087.03	11436.79	272.82	10155.1	13430.77	295.06	48.84	90.5	5.83	-7.15	46.66	102.77	5.39	-8.06	39.89	97.43	-4.74	-11.95	8.95	9.97
27.31	91.36	5088.48	11440.88	283.74	10148.41	13439.61	301.72	50.6	93.52	10.89	-9.58	46.57	92.23	10.09	-9.13	50.56	93.09	5.77	8.12	10.05	-6.54
26.76	91.77	5078.85	11445.75	285.6	10169.49	13436.72	293.46	47.97	110.14	-7.14	2.87	47.17	98.4	-6.08	4.81	57.65	105.37	-6.86	3.97	-10.91	8.85
34.96	105.36	5084.49	11433.14	269.38	10151.54	13431.89	291.87	58.	93.55	1.53	-5.93	56.67	97.07	-2.51	8.75	57.45	89.61	-1.37	-10.71	8.12	-6.99
34.91	93.63	5070.93	11429.	279.02	10150.67	13436.97	288.42	43.58	88.17	4.82	6.66	56.6	97.68	-11.52	-4.5	47.84	98.09	3.61	2.13	-7.86	5.86
33.84	89.65	5076.83	11441.87	278.69	10152.56	13444.93	300.25	53.49	94.64	7.33	-8.02	46.3	90.2	1.42	-0.03	41.72	89.43	9.58	1.82	-4.49	7.94
33.04	98.18	5079.09	11451.02	278.43	10149.23	13432.57	301.44	48.43	99.52	-7.14	-7.04	54.93	93.83	-9.73	-4.08	57.67	93.27	-1.69	1.37	-4.88	-1.4
24.82	91.73	5078.21	11451.35	280.85	10151.4	13450.44	302.43	47.28	103.65	-8.13	-5.11	50.18	110.82	-2.18	5.9	61.01	94.47	2.28	7.94	-9.59	5.61
30.13	104.51	5080.	11451.24	290.47	10163.69	13431.23	295.3	43.25	101.35	1.96	3.21	46.76	97.99	3.75	-3.39	51.75	104.28	7.97	-0.53	-8.08	-1.57
32.61	93.93	5081.8	11433.68	283.71	10160.95	13430.2	301.83	49.17	110.51	-9.1	-8.95	39.89	106.26	8.84	-3.76	40.55	97.26	-0.14	4.26	9.76	7.63
32.66	97.83	5081.49	11434.66	287.79	10170.05	13433.64	305.33	54.18	108.3	10.63	2.15	51.88	97.23	8.82	7.86	43.32	110.34	-8.04	-4.33	-0.05	-9.15
29.01	91.94	5088.93	11448.88	276.91	10155.34	13431.99	305.94	43.73	92.71	4.05	6.26	53.44	101.19	6.61	-4.84	50.09	97.72	-10.97	-6.5	4.17	-3.65
24.39	102.64	5090.52	11439.31	290.15	10160.4	13429.47	294.67	41.2	108.06	8.45	1.18	39.07	105.18	-9.35	-6.42	48.81	92.58	-0.81	-11.86	-2.63	-7.02
29.93	92.07	5081.66	11437.17	277.03	10161.79	13428.34	306.02	45.89	103.34	-4.57	8.16	57.	92.44	4.6	-10.3	47.36	100.91	4.16	9.61	1.93	-5.47
24.37	91.85	5083.2	11447.9	286.57	10152.15	13428.84	302.75	54.07	110.3	7.91	2.54	56.73	94.28	-9.75	7.16	52.63	99.91	-2.22	-0.56	4.54	-6.54
25.6	88.87	5089.48	11447.71	277.44	10168.46	13436.22	304.77	40.12	108.83	-8.49	-1.66	44.1	107.56	-4.03	9.06	57.24	94.24	-10.36	5.06	4.59	9.03
27.53	97.7	5078.1	11451.86	287.57	10158.53	13429.68	300.2	47.9	106.74	-8.2	-2.26	54.41	110.57	-2.08	-10.99	42.68	102.7	9.92	3.88	-4.4	-9.77
35.8	101.93	5085.14	11436.85	276.46	10153.16	13446.11	300.24	56.94	95.76	10.81	-3.59	51.33	96.08	-11.97	-8.11	61.13	110.09	3.8	-7.29	-8.	10.7
35.02	95.81	5072.8	11445.91	284.32	10164.5	13429.91	293.14	58.28	96.04	11.94	-0.67	40.2	110.58	-11.12	-3.41	42.11	110.86	0.54	-8.61	-4.1	7.16
30.42	110.02	5091.36	11439.64	272.01	10162.78	13431.36	299.79	47.44	109.69	-0.64	11.94	58.65	104.55	5.13	11.23	57.	100.18	-1.34	9.85	3.41	3.2
32.18	100.69	5081.21	11443.63	286.48	10164.75	13451.13	308.63	55.05	90.47	9.36	10.67	60.15	109.83	-6.55	-9.27	55.94	107.24	-9.42	-6.37	7.98	7.27
35.47	92.25	5073.06	11444.78	275.01	10148.97	13444.02	288.48	43.63	101.71	9.25	3.84	58.01	94.69	5.33	2.31	46.94	106.58	8.16	1.45	0.68	5.86
24.81	110.94	5072.98	11429.11	285.94	10150.8	13445.22	301.49	47.74	99.56	1.18	0.46	49.36	97.74	9.6	-1.47	48.64	106.46	10.34	10.53	1.47	10.86
24.04	102.97	5068.39	11448.7	271.56	10155.49	13435.45	291.53	52.86	94.72	7.44	1.38	38.12	108.01	-2.53	0.38	55.57	107.31	6.02	-11.47	-5.36	5.03
25.83	102.93	5074.95	11440.28	273.4	10157.33	13441.	299.98	44.64	103.02	3.1	-7.35	43.41	101.46	-11.39	-0.75	59.	108.24	-11.83	-1.39	-5.8	-2.03
35.09	91.26	5069.42	11437.74	280.05	10148.58	13437.01	293.73	59.17	99.35	5.66	-0.68	60.71	106.16	1.71	-2.32	52.26	101.89	-9.77	-9.77	-7.44	-8.21
27.33	103.75	5068.08	11449.81	283.33	10167.16	13431.24	308.04	48.93	91.76	-4.2	-11.23	58.12	108.83	3.87	-6.46	48.56	94.33	5.66	-11.79	-0.59	8.73
30.2	92.64	5076.45	11430.17	269.57	10149.76	13441.21	309.2	56.41	95.07	9.18	-6.59	60.38	109.16	11.27	0.33	53.55	105.13	-10.44	-0.33	-2.87	-4.72
27.77	98.25	5079.35	11433.77	273.17	10163.31	13446.67	289.34	48.27	96.81	-0.23	9.13	47.88	96.44	-4.8	-6.49	60.33	95.36	3.57	-10.64	0.74	-3.99
28.88	103.86	5075.02	11440.25	287.82	10155.32	13442.45	295.64	54.22	106.69	-11.12	11.93	58.81	94.39	3.73	0.81	49.35	88.77	-7.35	8.36	0.02	10.01
29.6	110.56	5082.06	11440.05	282.09	10153.47	13436.29	293.71	47.1	101.38	-4.87	0.29	61.69	98.25	11.2	-11.58	53.29	111.6	-7.45	1.05	7.45	-10.27
30.21	94.87	5069.22	11445.13	276.05	10149.04	13436.01	300.97	43.61	111.87	-0.66	2.94	48.53	90.35	6.78	-0.44	52.65	90.63	-6.37	-5.87	-11.64	-1.98
34.66	88.96	5088.35	11438.09	280.18	10169.12	13449.58	297.41	43.33	102.58	10.57	6.17	43.14	105.92	-6.07	-0.32	39.76	89.07	2.88	10.85	3.39	-4.36
31.54	103.67	5068.49	11437.36	291.67	10153.78	13451.98	310.12	58.07	96.31	-8.81	10.03	49.72	90.56	5.43	-11.44	47.57	111.13	6.8	3.96	-2.08	9.1
32.46	88.39	5070.05	11448.26	288.19	10166.06	13443.39	291.18	42.02	89.48	1.21	-10.74	41.11	95.71	-1.	-4.62	44.66	107.45	1.16	3.17	-1.5	-3.52
33.58	108.27	5071.55	11449.59	290.55	10149.36	13429.95	305.17	42.76	111.81	-7.77	-6.92	47.49	102.49	9.03	-0.21	46.04	103.32	10.94	0.88	-9.19	5.5
24.76	103.58	5087.01	11435.03	277.74	10171.16	13450.	294.44	54.9	98.25	-3.58	3.9	49.97	98.86	1.5	-11.32	58.46	105.41	8.91	9.21	-5.79	7.53
25.86	109.07	5072.2	11432.45	268.73	10148.94	13446.61	311.91	50.56	110.2	-1.35	-3.88	56.3	102.52	-4.8	1.59	59.02	94.8	11.54	-9.74	-3.03	-9.44
35.48	110.96	5079.35	11429.08	270.57	10157.09	13433.51	307.57	60.8	99.27	-9.21	-4.2	60.6	110.73	11.22	-8.93	52.12	102.25	-9.48	0.65	1.36	3.88
33.59	88.28	5073.25	11450.83	287.16	10171.55	13434.82	302.51	51.19	98.99	2.64	3.59	55.93	98.86	-2.97	4.85	52.34	102.94	-6.63	4.34	-7.33	-5.67
29.77	97.41	5086.3	11445.15	284.81	10152.02	13438.87	289.48	58.45	97.75	-4.35	2.8	49.79	106.2	-3.21	-4.68	47.27	96.09	-4.45	-10.5	-6.	9.28
27.67	93.96	5074.18	11441.12	283.29	10157.34	13443.52	293.68	41.59	93.34	11.84	-8.72	57.37	98.19	10.12	-5.8	55.16	103.9	1.48	10.6	-8.29	5.78
26.55	101.28	5068.79	11430.82	288.13	10149.89	13437.8	307.57	46.4	101.33	-4.45	2.12	55.74	106.73	-2.23	3.22	53.19	95.93	2.73	7.51	-8.65	-7.16
30.92	95.11	5075.8	11439.44	284.92	10162.5	13438.07	291.85	47.91	92.84	-8.08	-3.05	58.39	104.43	-6.38	2.94	49.11	109.82	-2.01	-5.9	4.75	8.95
26.99	111.76	5069.12	11446.36	272.65	10154.64	13431.06	293.75	43.63	105.63	1.03	-9.36	57.41	108.63	2.3	4.59	48.02	89.65	11.72	4.79	10.54	-6.89
24.11	102.75	5088.13	11451.42	273.16	10159.56	13450.69	305.62	48.38	104.53	10.01	-10.67	56.61	106.06	6.41	7.72	59.8	88.24	-9.17	-10.62	-1.24	-6.75
35.73	107.16	5074.37	11450.95	283.22	10161.44	13444.48	309.45	55.89	108.84	-7.1	-3.25	51.38	106.77	10.53	-7.66	49.4	97.29	0.86	-6.65	9.13	-10.23
33.4	99.02	5075.74	11446.29	291.53	10162.92	13449.59	304.25	44.47	91.36	1.72	-7.24	40.89	93.46	7.79	5.77	58.	106.94	4.2	-1.86	-0.71	7.02
32.21	97.19	5084.71	11429.32	276.5	10171.48	13430.9	310.52	56.5	100.59	4.4	6.6	38.51	104.1	-0.63	8.77	43.1	105.22	3.81	0.66	11.94	-0.7
25.43	101.21	5076.66	11449.31	291.93	10151.52	13445.3	293.9	43.31	104.77	2.4	6.02	48.72	92.43	2.14	2.11	60.73	107.43	-6.24	-5.54	11.33	-1.04
29.1	104.94	5080.02	11436.45	286.96	10170.68	13438.25	296.56	52.14	101.75	-5.62	10.21	47.46	110.84	10.64	1.31	53.87	108.39	1.29	9.66	-4.77	10.15
26.69	95.24	5090.67	11440.92	278.95	10162.22	13445.58	300.26	56.45	106.35	0.18	5.13	43.04	97.35	-9.17	-10.73	57.72	110.85	-10.24	5.1	-11.9	-10.93
33.06	104.6	5082.26	11430.36	291.73	10167.4	13443.77	288.23	60.85	99.94	-5.65	6.53	47.52	110.93	-10.36	-6.12	58.6	111.4	1.57	-9.68	1.46	1.66
33.83	93.5	5083.65	11433.43	285.66	10164.96	13436.62	288.54	42.09	105.96	-7.16	1.34	52.49	111.86	10.93	3.14	51.	106.04	10.33	3.26	-4.95	7.58
30.58	94.86	5081.68	11446.37	286.32	10168.97	13439.31	294.37	52.6	88.78	-9.94	9.06	45.97	100.23	6.08	-2.73	44.07	111.26	-4.42	5.35	-10.67	6.07
28.02	110.15	5079.97	11442.6	287.37	10149.	13437.39	309.6	40.03	102.13	11.4	-11.43	47.27	98.61	2.49	11.61	61.19	99.9	-8.15	10.32	9.84	-10.99
28.77	106.4	5074.05	11439.56	279.15	10170.5	13444.75	290.95	61.78	90.95	-6.44	-1.19	49.33	97.75	11.14	3.58	60.53	91.57	-2.43	-4.46	2.87	6.82
27.4	88.84	5073.38	11440.4	284.68	10159.84	13446.75	297.21	50.44	106.62	2.64	10.24	38.39	90.3	-9.12	-1.57	58.78	95.06	4.35	-0.48	-7.07	4.19
32.29	88.78	5070.44	11443.67	278.89	10163.18	13437.25	303.56	50.13	95.94	-2.09	2.85	60.38	93.9	-5.12	0.25	53.09	106.82	-5.08	-0.3	1.99	10.77
35.17	106.3	5072.86	11428.67	282.63	10162.25	13449.85	291.48	54.74	90.74	9.76	4.19	60.77	110.48	-7.02	-7.52	59.4	106.1	-9.46	8.3	1.3	1.4
27.59	108.75	5073.07	11449.45	281.83	10165.29	13430.59	289.83	58.98	88.14	1.64	10.28	45.92	109.44	7.51	3.75	43.57	93.92	-4.62	9.4	0.11	1.97
32.97	95.55	5069.11	11432.58	278.17	10170.1	13431.59	292.39	38.82	107.28	0.6	-3.99	52.6	111.9	-4.93	-4.34	55.57	99.86	-2.29	7.84	5.33	-7.47
30.99	88.94	5085.33	11438.4	288.58	10171.39	13428.87	305.67	53.15	93.29	-3.84	-7.91	45.23	92.71	9.5	-10.32	47.43	100.36	-7.81	-5.67	-11.39	6.65
24.95	98.71	5088.13	11437.13	273.67	10166.57	13444.47	310.29	45.11	95.06	3.8	-8.68	46.87	107.33	11.04	3.36	43.78	93.47	9.05	-3.59	8.16	-5.58
25.87	103.12	5083.55	11444.22	270.37	10166.67	13434.32	300.66	61.25	97.56	-5.7	6.52	53.25	102.88	5.51	4.23	44.8	103.58	11.96	4.21	-4.83	-6.71
34.08	110.43	5087.12	11448.25	277.85	10165.01	13436.17	291.79	38.87	100.03	8.75	-11.9	61.56	104.88	-7.59	-3.07	54.9	93.83	-2.03	1.18	-4.78	-3.59
24.18	102.37	5071.56	11446.57	281.09	10151.37	13447.05	290.19	51.84	89.58	1.52	8.47	42.08	105.03	5.7	-2.81	47.7	95.8	-10.86	5.25	-6.53	11.96
29.51	101.31	5087.43	11432.4	277.41	10166.01	13438.48	294.88	49.71	97.63	-7.75	-9.06	54.4	103.73	-6.16	4.54	55.88	111.	-10.87	3.76	-10.95	2.31
26.43	100.99	5080.61	11436.95	273.29	10149.31	13449.24	298.06	45.93	95.86	11.41	1.99	42.4	96.28	4.1	9.14	55.24	93.81	-9.72	-6.82	6.7	-11.08
24.09	109.01	5085.92	11434.63	270.17	10166.17	13431.09	305.96	49.21	109.01	-1.07	-9.51	56.	109.3	-10.14	-9.97	46.37	97.54	1.66	8.81	-2.75	-3.18
29.85	110.34	5071.63	11449.2	272.94	10154.77	13444.3	306.25	48.66	92.92	1.39	1.84	38.67	104.05	-5.69	-2.92	40.77	109.3	4.11	-8.05	9.58	-8.27
35.25	94.43	5087.66	11432.83	275.09	10166.92	13436.32	307.45	54.08	101.56	3.72	6.9	53.64	109.47	-9.64	4.57	46.55	110.79	-8.8	-11.94	1.8	5.92
34.44	104.83	5070.65	11430.43	288.66	10150.68	13435.96	304.71	50.98	92.91	1.13	-7.08	44.65	103.79	-10.92	-2.74	55.59	93.29	-4.33	9.25	6.11	3.83
30.17	94.26	5082.75	11444.62	280.12	10154.78	13440.67	293.01	39.22	93.58	6.09	-10.18	59.7	97.91	-0.14	-6.28	52.74	101.33	-0.83	7.86	-7.27	-6.66
33.86	96.71	5071.14	11440.68	291.9	10166.95	13440.17	299.42	45.06	111.96	0.7	-10.58	38.27	96.44	5.	-9.14	52.29	105.29	10.45	-2.51	-10.3	-9.8
27.52	91.82	5070.56	11448.98	273.09	10157.01	13430.88	291.14	57.13	88.83	-8.91	-2.1	58.67	96.81	9.89	10.	45.36	93.9	-8.73	5.2	-2.62	0.13
31.79	110.22	5084.5	11446.79	290.35	10160.94	13437.	308.18	51.59	97.96	4.65	0.02	38.28	95.69	-2.06	2.1	49.54	108.58	-3.71	10.28	8.08	-1.87
33.03	95.97	5076.54	11441.7	284.76	10157.59	13444.7	301.91	40.19	88.58	-11.12	5.24	49.6	95.71	1.72	10.54	61.6	104.21	5.63	-10.62	5.8	10.87
31.64	104.56	5091.78	11438.35	288.54	10169.49	13442.29	295.54	57.96	109.94	-7.23	-1.28	39.38	98.92	-9.76	-1.55	51.69	111.11	-0.19	-4.47	-2.01	7.79
27.39	105.66	5091.1	11436.82	275.7	10166.16	13435.9	290.	42.48	110.16	4.68	-1.56	54.49	109.65	9.	8.84	53.13	107.99	-9.22	1.96	-10.8	-1.02
32.35	111.5	5086.39	11436.9	289.46	10167.38	13449.99	289.7	61.62	100.21	7.03	9.32	42.28	108.4	9.61	-4.97	45.1	96.64	11.73	8.93	10.1	-1.11
29.92	96.27	5071.33	11444.78	279.21	10157.76	13429.28	290.08	39.05	103.95	-9.26	11.48	58.94	104.75	8.34	10.52	60.84	108.53	11.84	-5.48	3.29	2.55
33.66	89.36	5080.78	11450.24	282.47	10157.19	13449.3	290.69	48.22	105.72	-9.9	-5.67	49.94	105.13	-4.53	4.48	59.67	90.74	2.82	7.29	11.5	-7.76
28.07	108.9	5079.72	11444.8	285.76	10171.94	13449.61	288.61	52.57	108.26	-7.72	-10.89	61.19	108.55	4.22	1.48	45.09	98.42	11.92	2.05	10.33	9.94
33.49	108.36	5069.54	11433.53	289.76	10152.43	13433.99	309.04	48.22	89.24	-11.06	-6.32	48.86	96.1	1.9	10.52	59.78	98.3	2.11	-11.93	9.86	5.38
29.39	111.73	5071.89	11437.17	271.15	10150.67	13449.05	292.56	45.76	93.44	4.47	3.15	41.32	95.39	6.03	6.28	46.04	95.44	-3.96	1.56	6.06	0.12
30.47	93.97	5084.5	11441.1	281.5	10155.77	13443.75	298.46	48.68	107.99	5.78	10.81	49.26	111.53	11.71	-9.65	53.78	96.31	-0.3	-1.3	-3.16	-2.29
27.55	95.58	5079.55	11437.79	287.22	10170.71	13440.31	307.58	52.7	95.86	-4.26	2.54	39.08	91.09	-10.42	6.46	50.97	98.35	-2.22	3.62	1.63	7.08
33.76	105.34	5091.57	11436.08	284.9	10149.99	13443.62	310.76	53.31	101.47	7.84	-3.43	51.64	108.65	8.85	5.38	46.48	103.47	8.87	-11.27	7.26	2.66
29.9	104.18	5089.61	11447.63	272.23	10160.93	13450.66	308.19	39.18	90.54	-9.39	-3.57	50.43	101.78	-6.26	-7.43	54.34	97.91	-9.73	-11.98	5.11	8.2
30.79	99.85	5070.89	11444.25	270.39	10167.22	13437.45	288.04	50.82	105.24	-6.38	-0.82	60.97	108.93	-5.94	-0.5	38.15	103.74	-3.46	-11.45	3.67	-5.55
26.87	90.1	5079.58	11443.51	273.81	10170.32	13434.28	296.	40.45	105.25	4.59	11.81	39.04	102.5	10.34	-2.24	58.93	88.05	-9.05	-8.4	0.05	-8.62
25.52	108.29	5090.22	11451.15	282.05	10148.66	13436.52	292.05	55.79	97.23	5.5	-1.28	56.6	91.22	1.09	-6.52	60.95	107.72	6.47	6.24	3.74	8.22
34.3	101.25	5069.92	11447.86	277.97	10156.4	13443.17	305.9	61.05	97.35	11.59	2.7	57.83	89.39	-6.4	11.2	44.47	94.47	0.44	7.94	-8.48	2.3
25.85	94.61	5078.25	11447.71	272.89	10165.15	13434.18	292.75	41.32	101.88	3.49	-1.17	48.22	110.42	2.48	-0.04	56.29	101.73	-2.32	6.84	6.88	4.47
32.32	93.32	5088.93	11439.71	274.23	10166.45	13448.8	301.59	51.39	90.1	2.07	-4.06	39.64	106.41	-2.54	8.06	45.87	101.67	4.41	3.33	-5.18	7.24
29.78	91.55	5079.78	11430.88	289.51	10156.58	13444.79	305.7	58.31	98.25	-2.94	-11.5	50.83	100.7	-10.92	9.26	50.93	90.67	-7.17	-10.14	-5.31	9.98
33.28	100.06	5068.56	11432.58	285.32	10165.76	13443.05	299.4	44.36	102.65	-9.15	-1.71	41.4	102.12	6.29	10.78	55.99	106.99	3.03	4.03	-9.66	-7.69
26.36	105.09	5087.8	11440.96	289.19	10169.49	13442.27	297.11	52.86	109.72	4.8	-1.24	56.75	101.19	-8.94	-4.18	56.14	109.28	-2.23	10.92	8.92	-1.13
29.08	92.47	5070.31	11429.95	285.02	10169.75	13430.9	297.3	56.43	93.4	3.3	4.88	52.53	110.42	-3.61	-7.21	54.19	98.03	10.55	-11.87	-5.94	4.33
30.07	108.74	5080.59	11434.74	284.67	10171.65	13444.77	293.46	40.89	92.31	7.31	-1.52	56.68	111.46	-6.44	5.91	58.95	106.5	6.01	11.07	5.08	8.91
25.12	88.5	5080.39	11447.2	277.89	10154.	13428.51	299.47	55.01	105.73	3.48	10.73	45.58	99.56	6.63	11.09	58.02	104.58	-8.52	4.49	6.85	4.44
31.98	105.89	5072.01	11432.94	287.36	10152.41	13445.14	302.45	51.19	104.84	-2.72	10.01	58.07	108.95	2.19	7.95	53.55	89.42	-10.62	-8.46	7.94	2.02
27.81	104.75	5068.61	11451.42	268.71	10148.09	13434.49	306.12	61.39	93.28	-9.05	-10.59	53.65	92.96	-5.14	-8.45	42.81	98.05	3.95	7.74	9.33	-3.46
33.27	100.65	5075.03	11439.7	278.05	10155.48	13437.31	309.46	49.59	92.54	7.19	3.34	38.87	106.36	4.52	-5.57	55.29	106.78	10.58	1.94	11.05	11.11
33.7	105.57	5083.51	11451.18	289.65	10169.86	13430.93	309.88	44.21	95.31	6.58	-8.85	49.32	106.27	-5.8	9.36	43.96	102.18	4.66	-9.72	0.68	-5.81
32.78	98.51	5083.9	11433.72	269.64	10170.51	13445.41	299.42	59.61	105.36	5.57	-9.57	40.82	107.65	5.07	2.37	46.64	105.52	-2.78	-6.11	-11.61	8.98
29.13	102.45	5072.8	11445.9	291.92	10170.43	13445.84	295.47	60.68	94.73	-9.32	9.16	53.22	105.81	2.04	3.71	38.57	96.45	7.05	1.3	0.37	11.65
29.29	94.39	5090.96	11447.57	271.79	10166.43	13443.97	290.86	39.76	108.	-0.19	-1.38	47.08	96.34	1.44	-5.35	58.08	96.74	-11.43	-6.18	-1.36	2.76
25.28	108.03	5088.28	11442.24	289.78	10162.08	13448.95	288.76	58.85	90.	6.69	-3.1	51.89	106.19	-6.42	-8.53	55.37	101.54	-11.81	-8.8	9.26	-0.52
35.94	92.11	5068.7	11448.7	287.08	10162.6	13451.74	306.46	58.92	100.1	-4.33	7.37	40.61	110.47	-10.37	-5.81	52.92	106.52	7.79	-3.1	-11.17	-4.51
24.38	89.13	5083.43	11450.25	291.17	10148.31	13440.37	305.84	46.87	98.52	-3.18	-8.61	54.61	92.3	-8.03	4.49	41.67	94.25	8.01	8.88	0.44	8.35
30.2	107.01	5071.09	11441.64	272.4	10155.89	13436.63	294.27	53.55	102.9	-4.43	-8.	42.63	102.81	6.95	-1.35	57.2	108.28	-11.6	-11.18	9.42	-6.28
24.07	88.16	5076.88	11445.24	287.55	10156.72	13446.66	288.97	41.52	100.2	3.16	-3.78	55.6	107.7	-10.	10.35	53.93	94.22	-6.77	-9.88	4.1	-3.8
24.21	110.87	5079.17	11436.04	269.15	10164.18	13439.03	303.96	56.74	109.49	-0.48	-4.01	53.89	93.98	-10.17	5.36	61.81	91.3	10.13	-3.44	10.49	-3.33
28.09	100.06	5073.96	11443.34	289.22	10161.41	13449.92	306.75	56.76	97.36	11.1	9.82	43.41	89.51	8.42	11.46	43.25	92.95	7.64	-10.98	-0.03	7.01
25.51	92.99	5069.44	11434.4	273.63	10167.09	13432.24	301.29	55.5	110.79	-6.89	2.62	39.23	92.03	-11.54	0.88	47.8	107.18	2.53	9.24	11.98	-6.05
30.85	107.92	5083.07	11451.05	279.56	10165.33	13438.86	307.25	53.03	89.83	6.44	-6.64	60.82	101.19	-1.54	-4.82	42.73	88.92	0.25	11.08	-1.35	9.11
34.89	95.76	5084.3	11445.34	288.08	10161.46	13431.19	288.6	50.66	95.89	-3.9	-3.3	59.69	105.23	1.12	5.13	48.24	109.92	-6.79	-9.13	11.61	-6.15
31.52	89.65	5090.19	11436.12	273.1	10171.09	13437.45	301.78	44.61	91.24	-7.87	-11.79	44.7	109.01	-1.05	-5.38	56.3	106.6	-7.02	10.72	-10.28	1.08
24.02	106.43	5073.99	11447.61	273.38	10162.13	13432.99	291.15	61.14	109.16	9.41	3.89	52.81	101.78	-10.94	-7.23	55.9	93.23	-10.21	-3.57	11.27	9.37
29.7	111.29	5075.51	11449.18	291.65	10151.01	13434.67	293.87	50.14	108.96	10.65	-7.76	48.87	99.33	3.03	-4.18	50.45	108.91	8.54	7.13	-8.56	-5.17
27.69	110.98	5084.17	11445.08	270.65	10158.48	13433.52	289.66	50.34	94.46	4.33	2.02	51.45	110.64	3.14	1.87	61.24	107.15	-3.12	-1.32	9.49	-2.32
35.94	95.58	5071.43	11446.14	283.99	10167.65	13435.53	308.36	58.98	100.33	-6.42	-10.2	43.13	107.13	-0.49	-1.53	57.07	90.57	-11.91	0.22	3.09	1.8
24.95	95.03	5082.31	11442.42	284.18	10165.84	13444.89	290.81	56.53	110.96	6.12	2.18	47.27	104.91	-7.16	6.41	56.6	106.2	3.51	2.26	-10.74	7.75
33.67	92.68	5074.95	11434.01	284.78	10168.55	13450.09	306.72	46.58	94.56	-8.61	-11.69	56.12	101.75	-2.95	-8.97	49.09	105.1	-3.13	-5.51	7.36	-9.1
29.93	105.36	5081.8	11431.98	277.58	10149.07	13451.62	293.73	44.83	94.	11.71	-3.99	58.15	106.99	7.34	-7.04	49.25	103.96	-11.48	9.64	5.13	6.27
26.44	93.19	5070.24	11451.67	284.75	10166.59	13440.94	291.08	53.53	97.31	-6.13	-6.78	56.35	105.	11.83	9.57	44.53	108.79	4.72	-10.45	-11.71	-7.71
27.8	100.49	5087.27	11437.95	274.07	10155.89	13441.66	295.76	43.91	107.83	-3.29	-9.41	60.84	109.14	7.92	-4.13	51.61	111.37	10.33	2.97	-10.81	-7.2
30.76	88.96	5070.24	11437.6	280.69	10155.32	13435.27	309.4	47.57	104.48	3.7	-8.03	42.25	88.88	-11.98	5.4	56.55	88.73	1.33	7.39	9.12	7.99
35.82	110.83	5089.79	11438.37	278.57	10163.14	13438.59	311.58	55.28	102.29	6.95	-11.46	58.26	105.01	7.62	-10.14	38.15	89.34	-1.59	0.11	2.14	4.22
30.67	89.07	5075.53	11429.36	275.38	10171.42	13430.28	290.37	50.35	111.18	3.96	3.8	47.18	100.11	-3.45	-9.55	61.34	110.47	-3.37	1.45	2.17	1.12
31.39	110.94	5090.59	11450.27	290.74	10163.01	13429.16	310.01	59.97	89.25	9.12	-0.88	53.57	102.89	10.44	-7.66	39.72	107.29	-2.54	-5.94	0.78	10.09
33.22	90.37	5073.83	11447.01	271.15	10170.85	13448.49	297.36	60.1	97.65	9.36	-6.18	60.38	99.96	-7.5	1.55	56.43	111.78	3.74	3.5	9.86	-2.15
28.	102.8	5088.48	11443.26	269.09	10154.36	13439.36	301.48	47.75	111.23	1.54	2.13	55.45	100.93	10.53	11.99	42.42	111.87	10.84	-4.04	9.98	-6.74
29.58	96.41	5081.31	11438.	277.36	10150.64	13451.3	292.48	55.56	105.16	-10.61	-3.27	57.93	110.69	5.72	-6.19	59.21	93.33	4.19	4.46	2.38	-9.65
33.73	109.11	5090.28	11446.54	273.75	10148.24	13442.48	291.52	55.05	100.44	-1.96	4.18	39.79	108.2	-4.68	11.46	58.25	92.5	-4.59	-7.35	0.8	-3.57
25.13	88.5	5080.66	11434.3	269.9	10158.38	13428.22	293.13	53.98	88.89	1.89	-10.63	47.93	107.52	9.37	3.05	50.84	101.24	-10.11	1.26	-9.24	7.54
32.49	106.34	5089.55	11430.98	284.33	10162.71	13440.47	307.89	52.73	88.4	-5.83	2.34	51.24	104.51	5.74	-7.02	45.01	91.94	9.09	4.59	-2.26	-11.61
28.25	90.88	5077.66	11434.09	285.32	10160.76	13435.33	295.78	56.77	109.81	-11.56	-10.39	46.26	107.3	-1.26	-6.06	57.8	110.27	-7.08	10.19	8.27	10.91
33.97	100.45	5090.28	11433.41	272.35	10148.21	13443.	294.32	55.65	89.41	5.31	7.13	50.57	100.83	0.71	10.73	44.95	98.43	8.02	-7.4	0.99	2.76
28.11	107.36	5085.28	11432.19	277.37	10164.25	13429.61	292.07	41.61	102.5	-11.3	9.14	47.17	101.97	-4.63	-5.63	52.82	96.13	5.69	4.08	9.19	8.49
25.49	93.93	5079.97	11429.66	276.36	10166.9	13449.4	290.77	43.6	102.88	0.37	6.2	39.83	103.86	-1.06	-9.6	53.06	99.88	7.37	-7.02	-6.8	-8.79
28.42	101.91	5082.48	11451.02	271.66	10148.64	13446.73	292.9	51.27	92.04	-3.69	-1.06	49.83	99.92	-9.45	-10.26	43.66	106.73	-11.3	-7.01	11.57	-8.26
27.78	94.37	5084.25	11428.77	287.01	10148.74	13433.01	295.81	61.67	93.68	-7.97	-8.82	48.25	110.6	-1.82	-8.9	51.47	91.29	1.08	8.99	6.23	-7.38
31.1	92.56	5089.09	11450.87	282.55	10158.36	13435.92	290.34	55.35	100.65	-9.26	2.26	38.41	100.39	-6.14	3.42	60.11	98.47	-10.32	2.8	-6.85	11.67
32.46	93.04	5082.46	11440.42	286.67	10171.05	13429.9	309.88	59.7	106.79	1.32	4.77	50.44	97.95	-7.87	7.62	39.96	91.47	-6.37	-11.59	11.93	7.22
27.87	104.22	5069.88	11442.2	290.64	10161.15	13449.26	304.38	52.62	108.35	0.9	-4.48	47.36	98.05	-7.8	-4.72	46.98	92.07	2.97	-3.92	-5.01	-7.07
26.78	93.45	5077.25	11432.01	289.75	10163.04	13443.89	300.55	61.44	97.58	8.25	3.4	51.71	111.64	-6.63	3.25	39.8	93.53	2.16	-3.28	-0.29	-10.86
35.19	103.88	5073.04	11441.56	291.99	10166.53	13429.37	304.35	49.75	93.02	-6.89	10.4	43.78	111.25	6.75	10.82	48.9	90.43	8.95	6.33	11.31	5.62
26.41	88.75	5081.51	11437.2	271.3	10166.33	13436.27	299.38	50.04	90.82	5.97	2.52	43.68	97.65	-9.79	-0.26	52.05	89.7	-6.64	3.08	-2.54	-8.6
29.53	110.41	5073.11	11433.44	286.68	10154.01	13442.51	311.74	48.68	100.27	10.84	4.97	48.58	105.82	4.39	-11.79	55.35	88.1	11.17	0.59	8.77	0.8
30.69	97.55	5075.57	11443.81	269.01	10160.65	13432.54	294.13	45.42	92.28	-10.35	1.66	50.35	89.74	9.58	-1.04	39.25	98.59	-11.46	-10.01	9.08	2.93
26.07	95.56	5077.13	11450.24	283.2	10158.91	13430.02	299.53	49.28	109.97	-4.21	5.34	40.1	99.63	-9.46	-1.85	52.69	97.14	8.67	-0.46	0.71	8.19
33.37	100.19	5087.27	11440.72	268.4	10151.05	13438.14	305.47	38.99	108.26	-0.69	-3.06	61.98	111.32	3.06	-2.52	39.98	101.93	-10.63	10.52	-2.3	-9.02
27.96	103.64	5083.54	11431.55	276.47	10151.94	13451.72	291.58	47.49	92.43	-9.41	-5.72	54.76	88.08	9.67	6.8	58.61	94.47	5.7	11.65	8.38	6.9
26.41	101.99	5068.13	11434.15	270.26	10148.78	13449.09	302.62	53.42	98.03	1.83	0.15	51.24	108.17	8.1	6.71	39.9	99.52	-3.43	-2.6	-10.6	10.8
30.62	103.85	5086.03	11446.13	275.65	10155.39	13451.43	307.94	56.36	107.14	-5.99	9.85	44.51	104.3	-5.52	-3.79	56.07	94.07	6.01	8.97	-6.86	6.43
31.4	98.45	5071.06	11428.21	290.98	10158.52	13436.68	293.62	39.86	107.84	-10.23	-3.65	49.4	102.33	-8.11	-2.61	49.32	94.22	-3.11	-5.7	-11.57	-10.14
33.87	89.65	5076.8	11429.26	288.37	10156.1	13450.02	308.21	50.22	102.89	3.5	0.21	46.32	88.28	-6.97	8.4	42.36	96.07	7.93	-3.92	-9.06	-11.07
35.98	105.63	5082.69	11439.08	282.13	10170.6	13449.06	292.34	55.37	106.24	-8.29	10.98	53.16	90.61	-7.05	-9.72	49.35	106.08	0.16	-5.23	-0.65	2.76
35.58	100.29	5068.19	11438.69	276.61	10164.32	13449.49	294.24	55.03	94.81	-4.69	11.75	56.	89.57	0.45	-4.6	41.58	108.1	-11.31	6.3	0.48	4.82
25.56	100.29	5079.99	11445.76	281.18	10166.52	13439.12	309.95	47.52	107.48	-8.13	-8.87	40.58	92.01	-3.45	-2.34	48.68	96.85	6.38	6.9	7.44	-6.41
33.32	91.42	5077.89	11437.16	285.86	10155.68	13432.84	298.17	38.03	93.71	-11.23	4.31	41.32	103.05	-10.42	0.28	39.64	107.73	7.67	6.32	9.46	-11.69
31.31	95.28	5073.82	11429.13	286.82	10151.05	13443.18	302.53	60.34	102.94	-4.44	-10.56	53.47	111.06	10.39	8.55	40.56	99.03	7.36	-5.18	5.13	10.78
35.64	99.63	5073.21	11430.74	288.2	10156.3	13435.73	301.6	45.33	100.6	-11.84	-4.52	58.25	108.31	-9.62	-4.88	41.86	101.08	3.53	-5.84	4.95	3.78
33.47	103.01	5069.83	11437.92	282.35	10156.2	13439.15	298.27	41.46	108.03	-6.31	10.86	58.41	94.02	-11.7	10.38	55.05	95.89	3.47	-6.42	-2.98	-9.97
31.07	111.53	5091.04	11429.97	281.42	10155.05	13429.67	304.29	39.02	88.15	8.64	0.84	43.75	111.59	-9.77	5.95	50.41	109.04	-7.09	-2.84	11.21	-0.03
33.65	107.95	5068.35	11451.04	278.57	10154.33	13430.16	291.24	55.97	96.93	2.5	-9.82	50.02	111.71	11.44	2.95	38.25	107.2	6.89	3.23	-7.73	-7.22
29.97	93.21	5077.64	11430.82	276.71	10150.95	13448.92	303.37	44.51	100.21	1.83	11.03	49.64	89.24	-2.33	0.67	55.49	108.44	8.09	10.09	-3.68	-11.14
27.68	110.18	5077.13	11441.29	268.65	10164.84	13429.31	293.19	49.39	100.05	-11.48	-10.08	53.94	111.87	0.94	11.18	55.64	94.51	-9.53	-0.05	6.91	-9.89
27.16	92.37	5086.54	11436.57	290.42	10153.48	13428.73	305.84	59.74	90.64	-3.3	11.91	44.48	88.03	8.02	-11.58	60.38	89.05	7.68	-9.57	-2.75	-1.81
34.54	94.14	5086.12	11438.43	274.49	10156.69	13445.96	296.58	41.01	105.52	6.97	-11.94	44.03	101.11	7.89	11.9	50.48	94.47	-6.9	-5.74	-5.81	-5.88
24.6	92.73	5068.45	11441.67	274.16	10168.79	13437.61	309.47	56.23	90.43	-7.91	-8.18	59.59	97.5	-11.9	-10.52	40.98	102.07	-6.59	9.22	9.8	-3.95
32.92	111.04	5076.72	11437.69	284.54	10159.21	13445.58	297.1	40.68	98.67	-10.66	-8.88	50.95	90.52	7.08	-4.09	49.38	101.71	-0.97	-9.54	10.91	10.77
33.65	95.97	5081.01	11441.24	284.92	10154.46	13438.64	306.28	39.73	91.1	-4.23	-4.65	39.36	111.52	11.14	1.97	60.28	99.09	-8.26	0.4	3.35	-4.38
24.3	94.96	5087.5	11439.14	279.5	10151.94	13451.49	291.04	46.15	88.45	9.91	3.72	41.57	100.66	7.81	8.04	43.53	108.25	1.59	-10.35	-11.86	-5.51
31.72	100.97	5072.93	11440.46	284.47	10171.04	13440.87	307.77	46.34	93.71	-1.19	-1.91	59.21	105.02	-10.36	-10.38	52.26	95.78	2.41	-0.97	5.93	-3.4
30.1	90.75	5088.54	11446.54	272.26	10149.25	13443.11	297.36	54.44	97.76	2.	2.44	47.72	94.57	5.64	5.75	58.95	91.94	3.15	10.88	3.11	-2.5
32.64	100.55	5073.53	11444.75	281.09	10166.16	13442.84	307.07	51.27	95.22	-9.62	-5.36	60.96	100.99	3.35	6.38	39.13	101.15	2.14	-10.02	1.95	-9.08
26.08	94.74	5068.54	11437.41	281.04	10149.62	13428.81	307.24	57.39	101.49	-6.75	11.68	51.5	106.88	0.76	-9.81	38.94	93.49	11.93	-3.4	-3.7	3.8
25.47	106.38	5088.23	11440.55	277.69	10168.98	13438.28	298.13	58.48	96.02	-10.16	-5.39	48.66	103.7	2.35	11.78	49.89	99.42	5.25	0.78	-2.78	-1.96
27.44	101.3	5072.75	11444.45	284.19	10160.29	13446.82	301.07	41.75	103.95	-2.81	-10.	53.71	109.82	-1.56	-10.65	48.46	102.35	0.55	4.23	-1.98	-6.51
27.62	108.32	5087.15	11434.77	284.85	10152.98	13444.	304.55	53.29	96.85	-2.22	2.65	53.62	100.46	11.39	5.93	55.4	107.76	-4.06	-8.13	-5.5	4.57
29.63	90.16	5086.53	11431.15	271.19	10152.69	13445.26	302.6	38.08	105.2	-11.99	-5.63	46.91	110.99	10.	-11.73	43.87	98.81	-7.04	-1.39	7.4	5.62
29.05	90.48	5086.21	11435.55	288.77	10152.24	13449.86	291.12	53.09	103.91	-8.17	4.94	56.16	88.19	-0.27	1.8	45.69	106.44	5.18	-9.28	-7.1	4.09
25.43	100.76	5090.6	11444.95	289.98	10154.39	13435.31	288.82	48.55	99.26	-8.9	2.22	49.74	111.07	-3.03	-2.86	42.65	106.57	-1.4	-8.62	-2.01	-0.53
28.74	97.3	5077.43	11435.53	276.86	10149.97	13438.5	292.92	40.93	104.21	-2.92	4.22	58.34	90.22	8.77	-5.36	49.88	105.5	4.87	-0.4	-10.45	-9.14
28.76	88.87	5070.82	11451.99	289.72	10164.88	13444.32	295.52	53.99	98.44	9.82	-4.06	56.69	99.29	3.25	10.98	53.11	107.19	-1.94	-4.97	5.55	10.6
30.52	91.76	5080.2	11430.02	280.59	10154.27	13440.59	298.6	50.58	106.72	-4.06	-2.45	53.87	89.39	-3.82	-5.32	38.54	108.9	6.17	10.28	5.7	11.47
34.06	105.14	5091.23	11438.24	275.04	10155.83	13446.52	291.15	57.63	88.43	11.23	3.99	56.	105.28	10.72	-1.53	41.09	110.91	6.42	-7.08	2.53	8.56
34.85	99.05	5089.98	11432.88	289.83	10159.12	13439.08	296.34	45.79	105.08	-3.6	1.53	47.97	96.65	3.51	8.95	52.74	104.29	2.34	10.85	-3.38	-9.76
26.71	104.28	5075.02	11431.92	288.99	10169.37	13442.36	299.35	44.17	110.26	-2.02	-7.15	39.11	96.02	5.73	9.36	47.7	109.72	3.96	1.94	-6.56	-11.9
33.26	98.69	5068.29	11435.36	270.16	10148.27	13448.93	291.7	53.41	111.27	8.12	-0.63	53.3	105.56	-6.95	-6.72	39.29	105.43	-1.24	-5.46	-6.21	7.51
32.41	95.65	5089.31	11450.32	290.45	10170.25	13435.01	296.6	45.14	88.73	-7.53	-3.13	52.31	103.53	2.89	-3.72	41.36	106.89	-2.48	0.88	-0.18	8.43
33.83	109.82	5086.39	11432.38	285.03	10159.05	13442.2	308.7	52.7	97.14	6.28	-6.56	56.5	111.56	-2.43	11.22	38.78	97.53	3.87	2.86	-7.65	-8.23
30.73	93.54	5091.64	11432.73	285.6	10166.04	13435.53	297.1	39.3	108.11	11.91	-10.49	48.93	103.72	-1.25	-7.85	48.37	108.1	-7.55	-7.6	11.37	3.02
27.75	99.83	5070.95	11441.83	281.68	10170.95	13436.62	311.91	41.78	107.33	-5.05	3.22	44.68	97.64	-2.77	-7.71	39.25	103.56	-8.55	-5.84	3.	-0.12
33.55	105.95	5085.56	11437.73	270.07	10155.26	13446.07	296.58	56.17	88.02	-3.54	10.85	38.79	89.49	6.87	0.73	45.01	101.4	-2.93	-9.18	-4.34	7.56
29.52	93.01	5090.14	11449.82	273.99	10149.09	13446.02	296.92	41.41	103.4	11.98	7.83	47.92	94.66	3.23	-8.08	41.14	108.43	4.36	-5.34	-0.38	2.06
25.08	97.79	5090.11	11444.47	283.82	10165.58	13451.76	293.01	60.43	93.41	-2.1	-9.88	47.43	98.62	4.57	8.65	51.95	99.	11.48	-4.53	4.68	-10.47
28.98	101.96	5090.34	11438.77	284.57	10169.12	13444.49	298.65	42.18	95.88	9.58	-5.25	59.	106.44	4.24	1.81	50.2	111.17	-8.53	2.14	9.61	11.32
35.2	111.31	5069.57	11438.2	290.92	10170.73	13446.62	309.81	38.51	93.	-9.93	11.04	39.36	91.	-5.98	-5.95	42.81	101.14	-4.9	-5.94	9.5	-3.75
33.78	110.3	5076.82	11435.83	285.44	10159.77	13450.81	306.33	39.62	90.39	4.09	-0.25	55.73	94.62	9.89	-0.97	53.39	110.32	5.13	0.18	10.04	0.99
28.24	89.52	5081.86	11444.73	276.3	10166.71	13450.51	289.36	54.01	99.04	-9.3	5.94	52.66	90.57	7.15	10.15	40.77	89.03	-7.46	4.46	2.35	-4.86
34.14	107.21	5073.97	11437.9	271.1	10154.69	13430.56	297.46	38.17	97.64	7.01	10.04	61.04	111.58	-2.2	-4.05	42.93	97.32	0.91	-1.04	-11.52	-6.3
24.86	91.48	5081.31	11445.19	279.36	10161.47	13443.88	294.54	60.	96.18	-9.34	-2.64	49.05	91.73	-8.23	7.37	38.28	89.75	9.26	-7.47	5.67	3.07
25.12	89.68	5073.75	11433.13	288.08	10161.43	13446.21	295.26	39.97	97.36	-5.23	-5.42	39.89	99.92	7.04	8.87	59.44	91.29	4.97	3.44	10.97	-11.69
32.21	104.95	5076.78	11433.	269.91	10168.33	13451.88	292.6	45.77	109.58	-9.69	1.98	46.35	97.53	-7.54	10.19	51.09	89.99	-7.85	-4.9	0.91	9.74
28.74	110.57	5088.13	11443.13	274.52	10156.56	13433.85	293.64	61.12	88.41	-11.7	-4.75	43.51	101.8	0.58	4.07	52.03	103.83	-9.9	8.42	-3.21	10.16
27.19	89.34	5081.74	11434.01	291.23	10149.55	13432.48	309.13	39.12	102.83	-5.04	-2.97	39.71	96.7	-11.62	-3.77	49.1	91.17	-11.74	10.36	-9.06	3.35
35.38	91.43	5083.94	11428.47	268.12	10161.06	13451.1	309.04	39.37	104.36	-2.5	-9.52	46.8	108.72	-0.31	10.51	42.93	98.88	-3.65	9.59	-7.84	9.78
28.7	107.56	5086.46	11448.95	288.18	10155.55	13436.51	289.79	56.36	111.85	-4.2	11.14	59.23	105.24	-6.42	-5.54	59.83	106.35	11.77	-6.31	3.3	-5.35
35.13	99.25	5089.87	11436.02	291.77	10165.46	13433.31	304.67	40.88	109.95	-5.69	11.12	55.86	103.28	9.19	-7.6	42.2	90.79	-2.85	-1.12	4.99	2.13
33.41	111.25	5081.79	11443.96	277.16	10165.88	13428.43	299.18	45.39	107.64	2.99	9.92	50.84	98.89	-7.51	7.57	40.12	104.06	11.49	-5.02	-8.75	-3.64
29.82	107.03	5075.25	11447.27	284.82	10155.96	13450.2	310.71	38.56	110.1	9.19	10.75	53.35	96.5	-3.47	-6.1	39.32	98.9	-0.1	1.39	-0.01	9.25
32.75	93.23	5083.26	11446.2	289.47	10159.14	13439.69	307.74	52.08	92.7	-1.91	-2.45	59.02	97.85	-10.9	9.16	49.75	109.73	-4.91	3.33	10.77	-1.51
33.75	89.88	5084.8	11428.09	273.44	10155.77	13442.7	303.42	40.71	108.75	7.62	2.73	40.88	105.19	7.58	-2.99	53.9	96.77	-2.5	9.38	-11.83	11.18
26.06	89.44	5076.64	11435.38	269.89	10159.75	13432.49	294.35	39.2	92.46	-2.9	-11.96	52.18	106.34	-6.11	-11.32	44.24	98.65	-5.64	-7.24	-10.16	0.14
35.31	89.11	5069.48	11431.54	277.49	10168.02	13433.35	292.68	58.37	101.24	2.99	-10.26	45.67	110.27	-6.05	3.63	50.91	108.54	-1.29	0.37	3.78	3.1
30.71	89.75	5071.86	11451.02	281.66	10155.99	13435.22	307.11	40.25	103.85	-9.72	11.31	61.9	101.1	10.85	-6.38	38.89	91.21	10.52	-11.05	0.33	-7.77
26.31	98.7	5087.98	11446.8	288.18	10153.75	13439.55	309.58	40.6	97.72	-7.02	-0.36	49.71	104.04	-5.69	3.76	39.13	100.64	-11.61	-8.73	-5.13	-3.66
31.86	105.77	5086.14	11443.76	280.59	10170.42	13428.34	302.52	52.98	108.	6.45	-0.53	38.52	101.87	8.31	0.75	39.35	89.5	-6.46	-3.66	2.52	-3.7
27.33	98.99	5074.28	11431.48	278.93	10151.69	13433.71	301.81	59.14	100.85	-5.06	-5.72	53.88	107.89	7.8	7.27	55.83	110.28	-2.93	2.11	-4.57	9.25
27.31	89.49	5076.35	11433.85	283.14	10159.75	13451.19	293.59	55.97	100.46	-0.63	-2.5	59.16	97.97	-9.11	-5.71	56.92	91.49	-7.16	-6.76	7.	-2.98
26.68	91.82	5068.81	11434.91	270.54	10164.62	13436.05	297.27	45.03	90.51	3.74	-1.25	38.88	106.32	-9.89	-3.16	61.96	104.22	-1.23	-8.31	-1.1	5.6
31.12	98.39	5077.47	11438.38	275.96	10167.91	13448.58	292.64	53.82	96.23	-5.81	9.07	39.39	107.17	-6.57	-2.75	53.91	96.52	-8.57	-11.92	-10.5	0.64
33.02	98.53	5070.39	11450.24	270.97	10169.38	13449.76	294.31	45.05	109.27	5.01	8.17	61.94	99.86	7.54	2.85	47.39	106.88	-6.84	-9.59	0.89	3.72
33.36	94.31	5079.69	11440.11	279.52	10166.75	13447.03	288.09	52.37	93.43	1.03	-9.14	50.86	101.57	3.59	-1.98	59.07	109.18	0.16	-6.57	-0.48	-6.96
28.31	109.22	5089.37	11448.55	288.57	10170.63	13446.63	294.1	42.33	90.67	-2.53	-0.21	50.87	89.28	-5.31	4.15	58.09	106.45	9.34	5.47	8.91	-10.41
33.84	101.91	5072.36	11431.59	269.7	10149.24	13444.06	296.89	49.36	101.52	-1.48	6.63	49.74	109.1	3.22	-5.11	41.74	92.8	7.16	1.99	10.77	-5.67
26.06	90.31	5074.95	11444.38	270.34	10161.8	13451.46	301.48	44.7	102.54	7.86	5.78	53.44	109.76	8.41	-11.49	56.62	95.37	3.15	-11.89	-3.11	2.42
31.76	90.37	5079.09	11450.75	277.79	10171.87	13446.73	306.83	60.25	89.49	8.57	-5.45	45.26	92.31	-5.06	-8.78	42.48	90.73	0.8	-0.66	2.8	9.78
33.07	90.04	5087.58	11445.37	272.19	10160.94	13451.93	310.66	52.58	110.36	-5.57	-6.76	46.47	101.68	1.77	6.	48.56	110.67	-6.41	-0.71	10.19	11.1
32.6	111.82	5075.76	11431.13	270.76	10151.29	13446.36	305.77	46.42	91.52	3.04	-1.41	38.66	108.83	-11.71	3.08	60.87	105.56	6.84	5.37	-4.51	-5.88
35.06	94.74	5080.55	11449.23	268.04	10158.64	13435.91	299.21	53.08	93.53	4.85	-3.67	59.13	90.66	11.21	8.82	49.15	94.46	6.93	2.1	3.61	9.22
27.91	90.01	5081.07	11434.96	289.88	10161.3	13448.08	302.95	59.	90.56	0.9	-3.94	44.74	93.34	6.37	-7.09	53.06	106.96	-10.19	-1.1	7.71	11.27
32.51	107.39	5090.33	11429.39	277.33	10168.36	13438.43	301.87	43.71	103.88	2.57	1.35	48.33	108.53	-10.1	-6.16	45.1	96.79	9.3	-3.48	5.88	1.
30.92	90.58	5083.07	11451.95	288.47	10149.49	13437.36	301.29	41.13	106.65	8.96	10.93	38.43	104.19	0.3	-7.89	57.27	92.22	1.34	8.69	1.57	4.85
29.41	96.75	5073.67	11443.94	280.77	10150.46	13446.34	301.08	46.44	106.74	11.13	-6.58	38.82	97.47	-2.9	-7.61	42.81	98.61	-1.47	0.55	-3.6	-4.6
29.04	93.53	5069.4	11428.16	271.33	10164.23	13449.06	300.01	44.52	90.46	-6.55	-10.2	58.38	108.27	1.46	-3.63	55.18	108.17	6.01	-7.44	4.41	2.1
28.51	94.83	5090.49	11441.66	286.46	10163.94	13445.63	300.45	50.61	97.58	6.52	0.09	38.12	97.82	-0.62	-9.9	46.63	99.07	5.32	-5.23	-7.45	3.38
25.39	90.82	5080.42	11431.78	291.02	10168.68	13438.61	301.51	57.68	101.49	1.68	2.84	55.7	91.44	-6.74	-2.27	42.96	100.08	-7.78	-0.7	0.67	11.14
28.42	105.93	5073.76	11439.11	289.85	10169.92	13429.05	305.36	52.59	88.55	-6.51	4.68	56.77	96.15	6.02	-8.33	61.22	98.9	-3.45	7.97	0.71	-4.23
32.66	97.07	5072.87	11431.44	291.93	10161.79	13433.21	307.52	40.17	95.1	4.11	-5.33	60.8	88.38	2.66	-7.53	45.55	109.32	0.62	8.01	-10.32	-5.68
25.91	98.54	5086.13	11444.56	277.12	10154.88	13444.4	289.12	53.02	93.01	0.99	-7.51	61.5	97.47	-1.13	-6.38	52.07	93.26	-3.1	-3.19	7.82	6.74
24.15	108.59	5086.83	11431.09	277.29	10167.5	13431.09	303.41	57.19	102.76	2.9	-2.71	47.96	91.55	8.	8.71	54.47	110.8	1.83	9.84	-1.6	-11.62
29.73	106.24	5078.95	11436.93	288.08	10162.05	13449.54	295.63	53.28	96.07	3.59	-6.63	48.82	88.05	1.12	10.61	48.19	91.05	-6.03	9.52	-4.8	-4.89
28.68	107.65	5089.93	11448.47	279.67	10171.11	13428.43	294.88	52.06	97.85	5.2	6.27	44.14	93.84	-10.77	-10.75	45.51	90.71	6.52	-0.05	6.02	2.33
25.97	92.25	5071.3	11447.13	276.37	10150.35	13428.6	301.56	54.82	90.6	-9.57	11.57	48.24	95.03	5.63	-5.96	46.46	95.12	3.16	4.15	-9.52	11.89
31.17	99.93	5081.1	11447.24	284.5	10157.76	13439.2	299.28	53.96	92.44	-1.16	-2.7	53.38	106.53	-1.69	-10.79	51.43	109.47	-0.5	11.77	3.97	-5.06
29.21	105.75	5073.71	11428.64	278.32	10163.48	13443.95	289.14	55.99	94.65	10.61	1.95	48.63	95.45	2.77	3.26	55.66	99.33	9.67	2.64	-4.04	10.02
31.27	94.41	5078.43	11429.44	279.29	10161.59	13442.94	305.63	44.58	104.28	4.73	6.55	42.03	90.27	-1.76	10.79	42.91	108.74	-0.46	0.59	1.98	7.63
24.38	96.45	5071.71	11432.38	286.63	10164.19	13451.12	295.67	38.1	90.17	6.96	4.31	50.6	89.15	11.99	0.12	52.85	105.17	-1.42	-8.59	7.12	-5.03
33.79	101.54	5086.39	11443.38	277.32	10148.98	13440.12	308.23	44.83	111.03	10.63	1.18	56.07	92.78	6.4	10.05	41.9	101.92	-11.07	-11.48	-3.08	-3.
25.39	100.92	5076.88	11444.17	272.46	10164.86	13429.26	289.04	60.57	93.75	-7.91	2.46	58.89	105.96	0.93	10.68	53.41	102.68	-11.97	10.51	-8.77	-7.62
35.26	105.71	5068.39	11443.41	277.57	10156.94	13447.36	302.07	47.18	111.	-11.63	-2.	47.47	106.63	-9.14	-11.08	50.22	95.77	-11.43	-3.63	-9.83	-1.99
28.89	104.91	5072.44	11430.39	286.11	10161.47	13430.17	298.68	60.66	108.7	-6.03	-4.62	43.24	108.96	-0.13	6.87	45.8	98.14	7.33	11.84	10.24	-6.81
32.04	108.75	5087.07	11449.54	273.59	10164.47	13435.29	294.17	51.24	103.64	-3.43	4.13	45.5	94.66	1.67	9.89	41.2	108.51	-10.58	-11.6	-0.18	3.21
33.25	109.62	5081.28	11428.01	287.81	10150.44	13440.76	305.61	40.4	103.97	-11.92	-6.52	50.94	106.58	-4.25	-11.67	41.92	99.84	-9.57	-0.86	2.9	5.36
25.04	111.77	5087.59	11431.3	284.43	10160.58	13441.48	299.35	53.53	105.82	-0.08	0.26	56.6	102.58	3.26	7.57	52.25	91.21	-0.32	2.6	-11.74	11.34
30.85	92.11	5086.24	11451.42	287.84	10151.09	13434.86	292.01	51.42	106.15	-6.78	-0.68	48.44	108.76	-8.72	-6.45	61.73	103.34	8.2	-9.83	-5.88	-8.94
33.09	92.78	5090.67	11431.08	279.03	10159.99	13444.15	288.3	58.	111.7	2.68	0.01	48.37	96.06	6.38	11.88	45.04	95.72	-6.57	-5.02	0.39	3.04
33.08	94.21	5068.38	11451.38	281.11	10159.1	13438.04	292.43	49.21	101.5	0.94	1.65	41.02	96.95	1.05	-11.29	49.11	95.08	-0.99	-0.4	2.61	6.14
25.72	103.02	5085.86	11445.51	282.91	10160.23	13449.03	289.19	59.39	107.2	-9.61	6.7	45.71	90.6	-7.5	1.52	51.34	104.8	0.31	6.98	1.34	-10.55
34.36	109.01	5085.19	11436.78	273.91	10149.1	13449.21	310.29	51.88	90.58	3.19	-3.64	58.54	103.21	8.6	9.54	55.51	101.73	4.58	6.9	7.1	-10.03
34.	94.45	5080.89	11430.6	276.55	10171.01	13430.25	294.54	54.69	96.55	9.69	9.54	59.78	101.92	-3.44	-6.61	50.83	93.16	10.85	-5.17	3.85	3.38
35.76	88.89	5085.75	11444.33	268.69	10154.92	13431.76	311.62	53.01	99.45	10.43	-3.69	42.69	101.66	11.38	0.27	38.48	91.97	0.42	10.57	6.2	-3.98
30.17	100.45	5077.58	11448.73	276.36	10156.52	13446.77	288.56	48.9	106.29	-10.77	-3.81	54.56	104.35	4.43	-3.07	60.	89.93	7.61	-11.68	10.36	3.61
30.09	88.42	5086.31	11437.2	281.8	10165.6	13447.64	290.32	52.02	111.43	-11.37	-6.48	58.58	107.27	-10.29	10.21	45.64	92.9	2.77	-1.85	-4.91	-0.32
34.99	93.78	5080.53	11449.65	290.3	10158.46	13433.07	311.49	55.91	111.12	10.91	4.67	47.63	93.72	-10.23	-3.62	46.23	92.37	-7.99	-9.6	8.01	-4.12
29.63	90.8	5090.34	11451.93	284.03	10166.49	13446.64	298.23	47.44	94.32	7.62	2.71	43.19	97.58	-11.75	6.58	45.1	99.14	0.15	11.44	6.52	-1.16
27.84	106.91	5069.31	11432.31	273.6	10149.69	13441.47	311.85	50.28	109.27	5.49	-5.34	58.08	91.94	7.87	5.76	40.37	110.29	8.29	-7.84	-7.48	10.22
35.88	91.66	5070.91	11438.51	282.5	10167.92	13432.62	289.41	48.25	110.2	-9.15	3.37	38.17	97.16	-3.44	6.13	49.07	107.73	-10.74	-1.37	-8.76	-8.95
30.83	105.85	5081.86	11451.09	278.88	10153.73	13451.01	301.15	51.18	93.96	-11.86	4.84	53.29	107.71	5.71	9.34	55.22	101.84	-3.4	-2.49	-7.4	-4.52
33.73	96.13	5074.85	11443.7	280.22	10151.79	13437.51	295.38	52.61	97.23	0.17	8.9	59.77	106.73	-10.21	-10.84	43.54	97.97	2.32	1.99	7.7	-4.56
29.01	107.86	5073.69	11447.56	272.48	10162.29	13428.68	293.16	49.63	105.98	-11.07	-11.07	49.81	94.62	1.81	-8.53	57.98	91.38	-6.79	-5.18	11.52	-9.34
29.49	109.63	5070.06	11434.54	285.08	10158.07	13442.47	300.18	41.95	110.12	5.8	10.51	54.99	107.2	-2.54	-2.18	39.93	108.75	9.07	-3.94	-8.63	7.79
29.96	110.78	5084.66	11449.03	277.61	10149.66	13448.3	304.8	48.27	94.99	7.5	11.31	51.74	90.41	8.8	2.4	53.09	106.81	4.98	-8.59	0.55	9.19
24.45	101.24	5090.37	11431.51	270.35	10149.9	13436.74	294.28	46.05	103.24	10.53	-2.7	60.03	99.43	1.14	-10.77	43.26	110.96	0.89	2.7	-0.64	-5.83
32.5	99.37	5091.51	11434.06	281.15	10156.4	13449.66	298.6	51.63	97.71	7.57	-3.12	47.79	110.97	7.85	-3.63	43.61	108.04	1.55	-5.97	0.87	-1.54
28.84	105.84	5076.65	11434.05	280.31	10167.82	13441.31	296.37	61.75	101.87	-11.68	0.46	43.79	95.75	-6.63	2.19	47.5	102.74	4.03	9.41	4.39	-6.51
24.52	96.8	5082.79	11428.26	273.51	10161.57	13430.52	304.71	50.72	106.75	9.51	-3.52	54.61	97.61	11.03	0.11	49.31	95.96	-11.6	5.59	2.15	-6.09
31.3	94.23	5075.7	11443.72	268.43	10162.21	13442.72	311.22	43.39	111.45	-6.79	8.06	42.39	110.87	3.14	4.6	45.47	88.38	-9.94	6.24	-7.97	-6.35
30.15	92.16	5068.36	11441.17	269.9	10170.83	13450.02	295.85	39.41	95.16	8.16	0.87	48.86	103.84	-0.47	8.95	55.51	105.56	11.18	-7.72	-6.79	8.23
27.68	105.29	5079.31	11440.41	270.6	10155.91	13428.86	297.35	50.09	91.08	5.63	0.39	53.17	111.94	-3.41	-11.58	44.76	98.05	7.21	-8.71	-9.14	8.73
34.5	91.04	5078.06	11429.75	284.05	10168.82	13429.81	289.86	60.05	95.73	7.16	7.75	48.94	105.82	-10.88	6.4	52.7	95.14	-1.46	-5.74	2.71	0.6
28.05	89.21	5068.52	11436.31	275.77	10151.55	13440.5	304.49	50.66	95.43	-1.9	-5.25	38.51	89.47	8.7	10.21	54.44	111.64	-11.52	4.9	1.88	-0.72
29.17	101.66	5086.89	11448.49	276.52	10171.43	13445.32	295.68	45.78	90.29	9.98	-10.15	61.84	104.12	9.17	-3.3	51.5	105.67	-10.91	10.92	-3.47	-1.44
31.76	91.	5068.15	11439.73	277.1	10167.16	13434.5	305.91	59.37	101.58	-2.87	-11.7	49.48	94.58	2.24	4.75	57.13	111.68	9.03	-9.49	-11.53	6.89
27.52	106.48	5075.4	11430.41	279.2	10169.23	13428.95	305.35	45.74	110.55	-1.89	-1.99	40.95	107.92	-4.54	7.36	49.2	92.27	-11.62	-10.71	-5.59	8.79
26.64	89.68	5081.22	11433.58	280.91	10153.6	13449.39	308.55	47.92	92.08	-3.58	-6.79	45.89	92.93	6.38	11.36	42.21	94.83	-5.62	-2.65	-10.94	-0.92
34.96	92.5	5085.9	11436.62	272.21	10161.56	13439.34	296.42	43.7	94.72	-7.71	2.06	51.97	103.11	-2.55	-5.84	45.65	95.16	-0.49	-10.79	-1.53	9.56
29.67	92.7	5085.45	11441.78	278.07	10151.63	13436.97	292.33	38.31	91.7	-11.26	-1.82	42.88	104.25	3.7	-5.44	45.85	88.29	7.52	1.71	-11.61	-1.44
34.71	103.68	5080.18	11445.27	279.49	10159.28	13439.06	292.46	59.77	107.92	-2.81	-9.45	44.71	110.72	6.94	10.73	46.04	109.9	2.57	-8.08	-9.35	1.59
32.4	107.17	5078.85	11431.5	270.95	10167.96	13440.23	310.34	45.41	103.12	7.64	4.92	42.72	91.12	-3.26	-2.28	50.11	98.32	6.18	-2.37	-7.2	1.96
28.94	109.99	5069.25	11432.46	284.5	10153.72	13450.39	311.81	60.09	93.24	-8.14	-3.21	48.85	103.08	0.53	2.93	39.51	91.22	-9.97	-1.6	5.69	-8.17
28.44	107.11	5073.74	11443.93	279.9	10165.97	13428.52	297.44	55.37	98.59	4.36	-8.15	61.44	111.05	2.26	-8.6	61.71	91.81	-10.43	-3.33	-2.8	6.44
29.69	111.68	5086.82	11448.75	275.78	10154.5	13433.04	292.64	48.01	105.18	0.96	9.52	38.72	91.39	4.34	-0.12	55.4	97.18	2.95	3.78	-1.42	7.48
29.52	99.28	5072.75	11444.2	288.87	10149.13	13437.79	298.98	49.1	105.3	9.55	8.28	51.14	103.35	-5.38	-0.05	38.34	97.96	0.99	-2.53	4.48	-4.8
33.22	95.17	5085.47	11429.03	270.05	10150.65	13438.99	311.13	60.36	103.65	-3.9	7.95	45.43	88.33	7.45	0.59	53.2	95.14	0.1	-6.13	-6.21	1.31
29.88	89.69	5082.45	11448.82	280.64	10150.92	13432.09	295.79	59.94	90.54	2.36	-7.52	60.48	110.4	-5.55	4.52	43.15	110.91	-3.8	-0.92	-1.59	-6.28
24.42	88.61	5077.06	11432.16	275.44	10163.7	13437.27	302.38	48.57	109.99	5.5	9.64	58.17	99.19	11.02	8.11	51.73	106.64	4.44	0.5	1.78	-2.89
26.23	105.94	5087.3	11440.59	268.69	10150.93	13430.51	289.01	60.72	89.57	9.67	0.39	56.97	111.8	9.71	4.16	47.06	110.	-10.94	-8.29	11.64	1.1
27.02	101.8	5090.12	11444.72	287.93	10149.31	13435.5	311.4	59.79	95.9	-9.22	6.25	57.75	99.56	-3.24	2.24	49.31	105.81	-1.06	-6.15	-1.06	8.04
29.8	89.98	5078.44	11437.15	273.32	10153.6	13434.7	302.39	49.03	88.5	-9.76	7.1	61.69	111.53	-11.76	1.68	46.69	95.57	1.81	-1.01	5.26	-6.91
34.82	109.86	5075.29	11442.17	289.58	10160.	13435.58	308.22	51.27	89.05	1.77	-6.83	56.65	100.18	5.97	5.59	55.96	88.75	10.55	-2.17	2.64	10.29
31.07	104.43	5078.6	11430.14	285.75	10163.46	13439.51	303.67	55.92	110.3	1.69	-7.87	47.84	94.66	-3.73	10.54	53.4	110.78	6.64	-10.84	-5.25	7.32
25.29	96.29	5081.28	11450.92	288.77	10153.51	13451.12	296.87	47.01	93.13	1.04	-9.08	59.82	104.05	9.75	-8.34	59.96	111.69	8.52	-1.57	0.43	-4.79
35.52	95.4	5074.79	11450.83	271.46	10158.76	13447.42	294.79	49.68	99.65	4.68	-4.75	39.6	94.41	0.97	9.29	51.01	97.27	4.66	-5.11	3.08	-4.55
28.53	96.17	5086.94	11451.34	281.21	10150.81	13437.94	289.4	58.65	89.91	10.28	-0.89	40.6	101.96	5.14	-11.78	38.55	110.49	-9.49	-7.55	-1.1	-2.59
24.19	95.9	5086.44	11432.97	287.56	10167.77	13445.45	309.24	60.08	99.64	-0.84	-3.99	45.59	108.54	3.15	-1.96	46.62	88.07	-1.22	4.58	3.85	-6.3
32.83	106.86	5085.4	11435.74	268.81	10169.83	13447.06	304.93	38.72	111.22	-11.05	3.44	61.2	103.24	-5.3	3.43	38.1	95.27	-6.38	7.87	8.24	5.45
25.86	93.84	5069.99	11437.58	268.71	10150.27	13436.46	309.66	52.76	96.88	-3.38	2.53	45.59	90.7	-3.84	-5.58	45.91	111.62	7.38	-10.09	8.97	-3.23
24.07	103.69	5085.08	11449.13	269.58	10159.52	13447.29	297.5	48.93	106.48	11.57	0.42	45.57	92.85	-8.36	0.87	60.14	108.88	-8.46	-7.25	-6.96	-5.18
33.06	92.39	5073.05	11449.45	283.9	10168.28	13444.	304.1	41.31	108.74	10.8	-1.48	53.16	97.03	10.49	-0.68	49.29	99.13	3.23	10.27	-5.76	5.55
27.7	90.54	5084.78	11445.5	278.31	10168.91	13431.91	298.77	59.55	94.87	-1.17	4.71	53.96	102.58	-11.19	11.5	41.02	91.54	1.51	-7.46	0.49	-11.29
34.28	99.47	5077.85	11431.46	278.86	10159.53	13448.79	289.58	56.75	103.56	9.88	-2.13	54.36	106.63	3.93	3.94	58.69	93.95	6.27	-6.67	9.84	-10.52
34.41	94.81	5090.4	11436.5	286.95	10168.98	13450.52	306.16	38.97	106.63	-8.51	-6.51	61.82	104.66	-0.52	-3.09	50.25	104.45	4.1	6.62	9.78	-1.2
33.33	110.	5084.45	11435.6	283.71	10169.95	13447.94	302.39	49.9	93.19	1.18	10.2	60.01	106.82	-6.86	-3.72	50.58	97.62	-9.98	10.11	-7.92	9.
27.21	97.06	5068.41	11431.3	280.17	10165.02	13444.12	301.43	38.69	97.49	8.91	6.39	48.54	94.15	1.92	-2.67	57.44	94.7	2.25	1.3	-2.36	2.18
32.57	97.67	5081.11	11429.19	275.37	10150.87	13439.02	288.77	38.72	99.77	7.48	-10.27	45.42	93.13	-0.83	-11.86	58.27	101.15	-10.52	11.45	7.33	-7.71
27.02	106.57	5072.06	11442.04	281.23	10167.92	13437.15	289.4	39.62	97.91	1.24	-8.46	57.19	102.2	5.07	-8.04	48.68	103.04	1.07	11.29	4.91	4.2
27.11	104.54	5091.27	11439.93	270.68	10167.4	13435.44	304.61	57.92	97.66	-6.66	-7.29	55.31	93.21	4.3	6.33	38.38	101.26	8.91	4.53	9.5	7.43
29.47	95.59	5089.97	11435.	290.6	10164.36	13445.33	290.92	53.13	89.64	10.97	-3.84	41.83	106.17	9.11	4.	39.23	106.19	2.32	-10.32	-2.77	-2.28
24.85	103.29	5071.77	11445.45	275.56	10166.25	13447.85	309.68	55.86	111.83	-8.71	6.19	39.27	94.43	3.19	-3.59	46.58	106.17	-8.05	8.16	6.42	8.36
30.73	105.56	5090.71	11437.15	276.74	10169.47	13437.5	296.06	44.86	89.75	10.76	-0.44	54.09	108.06	-10.55	-5.2	47.34	104.83	11.71	-11.8	9.94	11.45
33.84	94.84	5070.22	11434.24	274.9	10148.58	13443.85	292.41	40.68	108.73	-7.07	-5.5	54.42	91.67	0.56	-10.5	41.73	90.71	-3.42	-8.93	-3.32	5.76
27.67	100.87	5087.59	11432.04	285.21	10151.09	13432.54	303.09	44.17	108.19	10.21	-8.31	44.31	91.8	0.6	7.48	48.81	92.74	1.3	10.85	-5.5	8.57
28.18	105.99	5087.01	11450.63	275.21	10164.55	13428.29	302.26	61.19	96.95	-3.73	1.11	50.27	97.38	6.71	-4.44	61.3	89.72	1.3	-5.16	1.21	8.59
25.59	111.25	5087.54	11445.56	274.12	10157.03	13438.05	296.69	57.83	101.69	-10.86	10.2	42.12	95.39	-5.61	11.02	41.7	92.34	-9.29	6.88	-0.3	7.39
35.82	96.57	5072.82	11438.2	271.26	10161.16	13443.03	290.8	38.74	92.33	-9.22	-4.09	57.24	91.88	9.08	-10.48	45.73	108.49	0.76	-3.53	2.18	2.26
24.32	93.4	5070.25	11447.33	269.75	10163.08	13430.43	299.38	49.71	102.92	-11.93	-10.89	61.22	109.91	-5.03	4.55	60.79	90.15	5.84	-5.14	-10.24	11.28
27.8	104.84	5076.6	11429.06	279.33	10150.77	13441.39	300.24	48.22	100.91	6.46	10.24	56.38	91.65	-2.73	10.83	61.12	89.09	5.27	-5.36	9.91	-0.16
27.51	100.99	5070.41	11441.07	290.84	10165.89	13432.33	292.78	53.74	93.18	3.09	-7.16	58.57	109.81	7.34	3.89	39.93	96.44	8.19	-10.73	10.62	9.41
32.66	95.7	5072.54	11441.77	285.67	10171.08	13445.26	300.78	44.67	109.98	-5.14	-8.3	43.44	90.53	8.12	-0.9	60.62	105.15	-9.43	-9.71	8.16	-5.66
26.17	91.39	5087.27	11450.8	286.78	10168.77	13443.71	297.88	41.88	102.51	6.99	2.94	59.56	88.4	-4.07	-1.09	41.98	91.79	-9.97	7.71	1.4	-6.57
28.12	99.09	5081.71	11433.09	272.98	10151.02	13447.74	294.56	44.81	94.74	6.02	9.75	56.7	106.83	-3.95	-9.32	40.62	102.07	8.81	1.22	-2.02	-9.59
31.9	92.31	5078.69	11430.36	274.29	10162.23	13431.62	306.08	40.96	90.18	-4.93	3.55	52.19	107.11	-11.23	-1.68	51.47	106.68	-3.38	8.7	-3.4	-9.25
26.45	109.96	5070.77	11437.71	287.03	10150.91	13433.15	293.68	57.79	104.88	9.55	-5.41	51.52	102.34	10.54	-8.43	49.23	111.23	6.63	-7.36	0.78	1.54
32.38	100.71	5090.15	11442.12	288.4	10152.5	13431.13	300.47	41.08	109.05	6.41	11.81	60.45	104.41	-0.17	1.51	55.04	90.27	8.97	10.66	5.81	-0.2
26.62	106.44	5090.56	11442.06	274.87	10161.97	13436.74	296.53	52.37	98.98	4.36	-11.6	51.03	96.8	-7.15	3.26	38.92	88.96	-7.76	-4.2	-1.66	-3.56
27.19	96.82	5072.69	11449.36	290.72	10152.52	13446.98	292.11	40.77	98.13	8.56	-4.84	45.22	106.58	9.18	6.33	49.12	99.18	-2.37	11.08	3.03	3.94
28.85	89.47	5073.13	11429.54	285.2	10150.62	13437.38	294.2	48.81	103.62	-2.61	-1.1	55.85	108.89	-0.92	10.95	57.35	103.56	-3.83	1.03	-5.9	3.43
25.33	103.84	5071.29	11445.02	279.18	10167.37	13442.81	302.13	38.75	106.49	-7.42	2.84	44.39	96.63	-5.84	-0.47	52.4	93.86	-5.26	5.23	-8.72	0.
35.29	110.18	5088.54	11450.25	289.73	10168.51	13444.	311.96	43.38	95.56	3.21	-10.98	61.66	103.01	-10.86	-2.75	48.48	107.89	-9.95	-5.83	11.02	-0.23
30.95	103.44	5070.68	11446.5	281.81	10166.21	13447.81	309.77	61.53	97.18	-3.	5.62	50.83	105.44	2.19	-8.49	54.16	92.11	0.13	-10.33	2.18	0.36
33.64	109.53	5083.8	11452.	276.9	10150.79	13432.28	302.21	44.06	95.81	-1.98	0.27	48.07	104.32	9.34	4.46	46.25	95.4	-5.48	7.08	8.78	4.11
31.51	95.2	5086.21	11450.11	277.13	10168.86	13445.87	290.18	38.09	90.98	2.06	-3.21	52.06	101.41	0.68	8.48	38.67	89.12	-10.27	-7.67	10.02	10.54
28.57	89.12	5082.17	11430.29	290.53	10166.23	13442.58	299.33	38.58	102.44	0.92	4.45	46.96	110.97	2.71	-8.62	48.29	89.37	10.47	-1.28	5.76	8.23
25.71	104.65	5091.27	11443.18	272.34	10155.85	13434.94	299.85	55.08	89.14	-2.53	-1.92	41.21	89.25	5.42	10.85	44.88	108.07	-0.22	4.26	-9.33	-2.16
24.5	111.53	5071.98	11448.08	291.04	10161.31	13437.63	299.16	48.85	94.87	10.38	5.09	47.76	90.69	8.1	5.19	55.1	94.42	1.52	3.	-11.54	-9.5
25.18	93.63	5073.87	11431.06	282.99	10158.74	13438.63	291.87	55.95	88.96	-8.37	7.3	46.29	99.1	-6.28	-7.51	54.51	107.14	-1.49	9.1	-10.44	-1.48
28.5	99.25	5069.87	11451.25	280.86	10154.49	13450.15	310.29	57.01	98.48	-6.27	11.43	54.03	109.32	-10.28	3.33	38.53	104.45	-11.92	0.43	5.62	3.94
30.43	109.06	5068.73	11434.28	282.22	10149.48	13444.73	304.81	55.89	106.05	-2.34	-3.86	43.76	92.44	11.76	-7.48	54.79	106.29	-1.6	11.88	5.9	6.21
24.54	92.05	5073.04	11437.65	277.09	10166.2	13441.39	305.26	38.03	91.76	0.9	10.87	44.04	88.35	0.27	-11.32	56.18	101.94	4.09	4.12	0.04	-1.21
25.93	99.24	5080.2	11434.41	287.02	10150.24	13440.57	297.14	52.56	102.61	-1.6	-3.12	47.32	88.78	-8.54	-8.2	53.17	92.32	11.13	-6.31	-2.02	5.5
29.29	111.01	5076.39	11441.61	286.06	10169.86	13448.08	299.86	60.57	104.59	4.67	-5.31	43.2	104.94	0.85	8.55	60.03	97.36	-0.07	9.21	-2.39	-6.25
29.9	89.05	5072.75	11429.97	284.32	10169.15	13450.79	303.79	55.07	93.89	0.62	10.72	43.78	98.9	9.85	-8.33	41.12	95.59	-9.01	-8.28	-10.93	10.65
25.36	107.73	5068.14	11430.12	270.13	10162.08	13431.98	299.64	45.22	88.49	-8.09	-7.32	45.77	109.04	10.76	-1.72	50.57	98.76	-5.53	-8.46	4.66	-8.47
35.42	111.92	5071.01	11430.52	272.77	10152.69	13434.72	305.35	44.41	96.72	-3.42	-4.1	46.57	88.13	10.61	2.42	51.88	94.84	-9.24	-2.73	0.18	-9.49
25.19	109.23	5079.04	11439.29	281.61	10151.78	13444.89	309.24	47.86	96.93	-11.19	-3.13	55.41	108.83	0.09	-10.	44.03	111.28	-2.67	-7.45	-1.81	8.
35.7	91.6	5076.37	11444.77	283.01	10155.64	13449.86	301.3	38.38	104.56	5.97	11.68	43.66	108.87	3.6	-7.81	38.51	94.68	-2.97	-0.29	-10.44	7.74
24.23	91.24	5075.67	11448.01	274.63	10163.79	13445.31	292.98	47.46	90.37	-10.48	10.27	55.37	94.37	7.76	5.45	46.56	88.25	-10.28	-1.9	3.8	-5.76
24.35	93.57	5086.23	11439.15	285.49	10165.13	13449.58	303.22	40.87	95.52	0.48	11.52	49.51	110.42	-11.49	-2.04	42.83	89.52	7.24	-3.41	4.54	10.16
27.27	101.36	5090.5	11431.58	283.36	10164.01	13448.02	288.82	56.17	100.77	1.03	9.35	48.59	108.64	9.75	9.41	54.61	97.88	-4.51	-2.46	-10.86	0.35
26.08	102.81	5073.99	11447.66	280.38	10162.32	13432.01	307.55	49.17	99.45	-8.24	-5.98	39.72	110.67	5.52	10.61	50.29	96.46	-9.61	1.13	9.57	0.7
32.46	93.27	5078.91	11435.39	270.28	10162.24	13448.76	309.14	43.33	90.31	7.69	5.93	52.9	94.48	-2.85	7.15	39.53	98.57	-8.15	-0.83	-2.53	-5.44
29.46	90.86	5083.62	11442.09	277.45	10164.1	13441.41	298.63	59.76	90.69	10.63	-10.98	56.39	100.89	-3.78	9.7	58.39	100.82	-9.71	-8.21	-9.36	-2.33
30.02	110.81	5084.81	11430.96	284.79	10163.76	13429.59	293.17	39.8	94.03	-3.08	0.27	41.43	102.	1.84	-1.01	60.61	95.74	4.8	8.58	-4.29	-5.98
28.38	109.08	5069.35	11450.65	275.78	10168.3	13438.24	292.59	59.81	111.72	11.96	-9.59	40.25	92.11	-7.75	-5.21	57.59	89.96	11.57	1.89	11.32	3.69
32.89	109.65	5076.43	11450.91	271.11	10164.95	13433.87	293.6	57.71	98.67	-2.88	5.33	46.71	99.37	7.64	-8.29	49.29	111.12	2.39	-9.51	-0.66	1.14
29.58	108.21	5090.56	11449.56	268.5	10162.82	13435.69	303.47	47.31	93.02	3.71	-8.64	52.74	109.24	6.24	-1.88	59.04	107.19	0.23	8.31	4.04	-7.48
33.93	98.38	5082.71	11430.03	291.08	10157.37	13442.32	310.65	50.5	106.17	-11.41	7.72	43.92	96.04	-7.87	1.43	45.94	100.48	5.52	-4.67	-0.13	-8.49
26.55	95.04	5090.2	11431.92	279.45	10165.68	13445.43	310.21	61.04	104.53	-11.45	-2.71	49.3	88.11	3.29	4.17	46.81	109.42	5.88	11.44	-5.37	-1.11
26.06	111.61	5072.43	11449.96	272.79	10160.94	13442.14	297.38	52.39	108.6	5.73	4.21	46.59	99.68	-7.64	-11.2	38.73	106.31	7.21	6.7	-1.55	7.2
27.88	91.18	5088.98	11447.43	270.85	10160.31	13447.97	290.97	59.52	110.67	3.66	-1.66	48.16	106.57	-9.6	4.75	61.53	100.95	6.99	2.83	-10.23	2.42
24.1	109.87	5086.3	11430.	279.82	10171.26	13438.22	306.92	41.67	96.92	3.83	2.06	49.15	95.92	-5.14	-2.26	46.46	101.35	-10.14	-3.43	8.07	-1.27
34.04	110.33	5076.22	11432.05	277.49	10162.14	13441.72	303.59	44.28	100.62	-11.12	-9.68	41.22	110.08	3.02	7.31	40.09	103.48	10.34	-3.41	11.68	8.63
28.95	90.95	5080.41	11442.75	277.3	10157.72	13433.05	296.75	46.72	100.67	4.88	-10.12	46.6	107.51	9.42	-2.48	41.91	110.77	7.49	2.67	-2.79	10.27
30.71	98.46	5069.32	11433.02	289.99	10163.34	13431.43	305.87	42.7	101.65	-2.19	9.6	39.63	94.61	-4.9	10.2	52.66	99.76	-11.57	10.4	-11.	1.22
29.84	92.81	5075.89	11435.73	291.32	10168.02	13437.67	306.52	59.03	107.83	-3.9	-4.73	38.61	110.27	4.32	1.44	54.17	91.85	-8.28	8.81	-11.1	-9.99
25.44	103.09	5081.52	11432.81	288.22	10152.18	13434.65	290.33	43.79	99.97	-4.62	-3.66	53.3	111.	-2.4	-9.26	61.89	97.88	-1.64	-7.95	8.06	5.28
33.06	101.82	5070.42	11451.99	290.16	10158.84	13428.17	290.86	61.59	98.48	9.22	-2.9	53.26	99.	-7.41	3.16	47.94	100.21	0.16	3.29	2.04	2.77
27.29	106.42	5075.48	11439.07	291.45	10152.75	13446.68	294.9	59.47	102.69	-0.97	4.07	49.55	101.35	-1.27	5.82	42.58	108.18	-5.2	-1.35	-9.9	5.73
34.52	98.68	5083.42	11436.12	275.97	10148.8	13444.76	309.13	43.28	89.29	-1.58	-10.99	41.75	89.41	1.11	5.22	43.64	94.47	11.7	4.2	-10.35	3.33
33.78	97.51	5087.44	11443.69	277.51	10171.6	13428.87	291.49	52.66	107.65	2.14	-11.75	59.09	108.67	5.2	-6.82	54.08	102.74	-10.04	11.63	4.69	-11.36
29.04	110.19	5079.67	11433.29	273.92	10151.71	13438.31	295.59	59.52	103.58	8.36	-6.93	49.87	106.26	-11.72	-8.77	38.13	111.62	4.15	2.51	6.43	-8.01
34.8	89.46	5080.93	11445.22	284.76	10162.05	13435.83	297.23	44.03	95.94	4.34	10.75	58.12	108.75	-4.92	-1.49	54.84	106.87	1.9	-7.81	-8.64	-2.2
30.1	102.26	5090.95	11428.57	288.53	10169.73	13440.6	288.67	43.99	102.06	-10.86	-8.03	61.3	100.73	-10.01	-3.47	54.7	92.79	11.7	8.23	4.36	8.25
26.29	101.57	5088.4	11441.26	273.11	10170.74	13438.7	299.79	57.47	103.47	-11.78	-5.5	49.11	95.1	9.18	-9.57	54.56	109.25	3.92	-1.94	0.87	0.68
28.45	104.92	5080.97	11438.37	279.47	10167.16	13451.24	298.31	44.87	101.49	-0.89	-6.92	43.08	97.13	3.9	3.47	51.29	102.73	4.42	4.13	-4.64	4.17
29.16	94.97	5087.24	11431.64	276.14	10167.95	13436.61	310.03	46.53	103.55	-4.6	-8.29	43.79	91.82	-0.77	-6.88	61.84	107.74	6.97	10.47	1.49	8.4
30.98	95.3	5078.12	11432.77	276.32	10154.23	13445.9	291.32	50.1	101.35	6.29	6.39	60.99	100.67	-3.38	6.99	46.53	102.33	-1.56	11.73	-2.35	-7.37
30.9	104.83	5088.09	11431.21	291.79	10169.94	13436.81	298.81	41.28	95.65	0.81	-4.58	49.43	106.07	11.05	-2.92	48.16	101.51	-4.09	7.87	2.6	-7.23
28.92	108.24	5087.71	11435.53	289.95	10164.79	13429.82	303.68	41.11	97.75	6.67	-2.74	43.41	104.29	-3.8	5.67	52.77	100.85	6.05	-3.21	9.23	1.34
27.56	91.28	5073.38	11449.45	285.97	10169.18	13438.97	288.68	54.43	110.74	5.36	11.29	51.02	94.94	4.21	10.83	50.67	94.39	5.78	9.82	-0.94	-4.12
33.79	88.74	5070.95	11440.18	284.54	10159.01	13446.58	298.21	59.44	102.94	6.97	-10.39	41.96	103.26	-3.46	11.7	58.22	101.93	-2.81	-8.59	-6.27	-2.81
27.82	104.65	5085.7	11430.17	289.47	10161.55	13434.79	309.38	61.15	103.53	-4.46	5.3	48.38	101.38	-4.49	9.2	41.4	97.13	11.65	-11.6	-11.52	-3.71
31.64	89.8	5089.63	11435.68	271.2	10166.03	13449.95	289.13	45.29	92.48	0.92	3.67	59.89	97.72	0.88	-7.95	54.32	107.67	8.94	-7.28	3.39	-6.8
28.52	92.16	5082.79	11449.49	272.55	10163.4	13433.32	309.68	54.67	89.18	1.15	-6.4	45.01	105.61	5.68	-11.74	55.85	98.35	6.48	9.02	0.65	-2.57
27.64	104.51	5075.	11437.03	279.86	10164.89	13447.9	301.24	47.72	93.96	9.73	-3.29	44.65	107.85	-8.51	-6.65	49.15	96.9	0.01	-8.9	5.74	-4.6
27.08	97.68	5090.89	11438.86	283.08	10160.71	13449.39	288.07	61.64	101.75	8.77	-4.59	39.47	111.05	-0.86	5.88	52.03	110.12	-9.66	7.66	-10.9	11.38
29.68	96.86	5088.18	11437.84	289.64	10156.39	13436.49	303.04	50.64	95.89	-7.61	11.78	51.73	107.93	0.28	-4.58	45.41	104.67	0.7	-8.57	7.77	2.84
32.71	89.03	5072.99	11442.96	274.14	10161.52	13434.86	292.24	43.46	96.14	6.82	-2.96	49.19	103.44	10.85	-0.36	38.48	95.02	8.3	-6.91	-1.78	0.53
25.19	102.26	5087.75	11445.04	282.55	10170.35	13444.61	298.97	39.76	88.26	6.26	-6.65	46.99	90.23	-11.51	-3.5	51.5	111.57	10.75	4.77	4.27	-2.04
31.41	111.22	5077.25	11431.74	282.68	10162.57	13442.87	304.66	42.03	105.9	-11.33	-10.64	48.95	95.09	1.54	2.99	45.44	109.86	9.49	10.53	2.19	-4.62
32.1	91.84	5069.01	11431.69	272.34	10161.27	13443.31	304.84	43.81	93.67	0.47	1.01	49.9	109.98	5.12	4.8	52.92	96.22	8.32	-9.84	-5.83	6.69
34.96	99.96	5089.96	11441.33	271.09	10151.8	13447.93	289.95	47.51	111.01	-5.49	-2.44	52.42	88.31	9.92	-5.26	46.87	106.87	5.63	-7.75	2.23	-9.22
29.86	90.04	5074.99	11439.53	274.94	10170.61	13441.17	288.6	43.37	89.46	-5.41	9.17	49.72	89.82	-9.82	8.19	44.52	102.84	7.03	1.8	6.29	3.54
27.9	95.74	5089.73	11432.68	277.63	10171.07	13446.52	310.39	56.29	94.17	8.63	5.99	44.4	103.09	-3.08	-0.74	46.53	95.19	-5.38	-7.74	-7.05	8.69
35.71	107.47	5079.98	11445.09	288.51	10148.66	13437.53	302.88	47.57	103.47	2.48	-5.05	55.22	105.05	-11.89	-0.79	58.3	89.55	-2.27	-0.36	-0.1	3.81
28.5	106.55	5076.2	11428.21	272.12	10152.72	13433.06	303.12	51.99	104.	-5.33	-10.14	58.95	98.91	-9.91	-2.23	49.53	90.42	-1.47	9.55	-0.91	9.86
32.42	99.85	5084.54	11439.05	275.96	10153.52	13430.77	289.2	38.2	99.98	6.06	4.58	56.6	98.52	2.68	3.17	44.	97.73	-4.97	0.06	-8.72	11.58
26.42	98.35	5078.51	11431.81	286.34	10167.07	13437.62	301.61	56.57	109.52	-5.58	-1.28	47.48	101.71	0.74	1.09	45.71	103.59	-6.5	10.06	-8.11	7.13
33.76	95.26	5086.42	11433.37	278.54	10171.38	13444.59	291.8	52.43	107.32	-0.75	-9.16	39.35	110.61	4.27	1.09	46.57	95.7	9.79	-11.56	6.61	-7.47
31.73	91.85	5082.2	11451.59	277.06	10164.57	13431.67	296.44	42.46	101.4	-7.25	-11.06	43.98	99.08	7.82	11.15	47.62	109.56	-10.83	9.87	8.85	-2.17
34.15	111.65	5082.76	11432.81	284.56	10157.77	13428.11	289.92	50.19	99.75	5.46	3.04	51.77	106.27	5.22	-0.62	43.85	88.8	-3.63	-1.77	11.77	-0.15
28.41	96.96	5077.35	11439.44	291.88	10155.44	13450.33	291.	46.06	111.72	-6.53	4.54	41.24	105.61	8.37	6.03	57.54	103.99	-4.84	-10.95	3.84	-6.3
28.47	108.97	5080.13	11449.04	269.18	10157.44	13436.62	303.41	45.51	110.53	10.6	1.8	45.94	93.55	-2.24	8.61	54.26	91.86	-7.26	0.15	-0.67	0.11
34.44	88.32	5090.89	11432.78	291.78	10157.67	13443.29	305.97	41.92	110.05	-3.63	-6.46	40.47	96.4	1.63	-6.6	59.3	95.1	11.8	-8.34	-3.99	-1.11
30.13	92.16	5084.17	11439.1	284.25	10168.32	13430.55	297.6	46.35	111.36	5.65	2.21	49.78	91.54	0.31	-10.75	41.89	99.86	5.48	-2.75	2.45	8.39
28.81	101.84	5086.57	11441.12	280.79	10149.23	13432.05	299.34	38.47	95.23	-1.71	-6.1	40.92	96.06	-4.76	3.4	60.24	110.82	9.66	-7.75	-5.44	8.29
34.1	92.42	5078.32	11436.77	268.46	10154.27	13447.8	311.03	53.38	103.84	-0.29	-5.46	57.94	107.75	-5.01	-5.69	61.26	95.82	11.15	11.51	6.98	-6.91
26.31	100.37	5073.55	11442.86	276.67	10170.83	13450.41	300.45	59.41	101.68	9.9	8.63	61.88	95.12	7.81	6.17	60.29	111.03	-7.01	8.1	8.43	8.92
34.01	107.37	5074.75	11436.67	269.54	10170.15	13442.27	288.42	51.94	100.97	-7.45	-6.23	42.93	103.81	-7.56	7.74	53.14	88.79	3.49	-10.25	2.89	4.27
33.65	91.37	5085.29	11438.04	287.46	10148.16	13446.9	303.68	61.85	97.01	-6.61	7.14	52.2	91.32	11.7	-9.56	45.58	106.2	-9.2	8.01	-8.32	2.21
25.54	100.35	5073.51	11440.78	274.55	10162.03	13429.43	307.46	51.7	99.99	-0.94	2.68	55.86	88.23	4.43	3.28	48.07	92.98	-5.1	-6.48	10.55	0.8
35.71	111.87	5087.35	11433.2	287.79	10154.51	13433.37	309.89	43.05	101.6	2.39	0.63	59.21	95.31	0.7	11.82	38.78	107.89	6.78	9.19	-0.77	0.08
26.32	104.97	5079.92	11429.22	275.05	10167.31	13429.62	302.21	51.87	92.74	-5.1	-8.96	59.87	97.87	-9.01	2.04	42.2	99.56	-10.85	-1.8	7.45	-8.4
26.14	104.61	5085.72	11451.23	273.55	10150.	13444.75	311.34	52.27	101.32	2.42	-3.78	45.16	105.31	11.2	-10.58	43.25	96.25	-2.24	11.1	-6.6	-0.95
26.77	93.71	5068.12	11445.15	287.45	10158.71	13436.4	293.48	46.17	89.89	-11.91	-8.59	57.8	95.92	-5.5	-7.98	52.84	89.95	-10.69	-1.65	8.86	6.97
32.84	108.44	5076.03	11442.84	284.43	10159.09	13445.57	290.25	54.45	93.69	-2.3	-10.98	40.19	111.97	-6.59	6.85	60.46	105.18	1.4	-3.88	-8.24	6.62
33.16	95.97	5074.93	11449.86	283.	10150.88	13428.43	292.77	55.09	88.14	-8.47	9.93	61.54	90.68	-10.82	-0.2	53.52	101.77	6.35	0.26	3.88	0.65
33.93	106.4	5089.85	11431.96	283.44	10155.59	13444.09	310.58	61.02	101.51	-3.72	-3.05	38.02	105.86	-5.5	0.33	48.8	92.69	1.68	10.44	-11.91	3.03
24.02	92.8	5085.69	11429.03	284.73	10162.6	13442.63	296.48	48.11	89.81	7.57	-4.55	55.67	96.93	-6.1	-8.85	58.55	91.14	8.31	-0.64	0.84	-7.38
28.18	110.49	5068.42	11450.	277.31	10168.86	13443.7	289.3	46.68	109.63	-6.33	-11.12	44.82	108.65	-6.35	2.98	57.86	111.61	3.31	11.01	-6.4	11.02
33.17	88.06	5074.7	11441.78	281.64	10170.57	13442.81	295.65	43.85	101.83	-0.98	-5.18	60.68	102.25	8.18	6.15	59.98	94.38	10.12	2.02	0.91	11.47
35.05	107.9	5074.92	11428.09	278.05	10169.53	13449.23	290.46	53.96	110.97	-10.99	8.85	56.83	95.81	6.28	4.48	42.09	99.53	2.55	-0.12	-5.1	-8.59
25.92	108.55	5084.76	11430.41	283.08	10159.11	13445.44	292.15	40.4	92.24	7.67	5.17	57.93	90.55	-11.88	-3.42	39.9	109.43	3.8	5.53	-1.32	1.77
24.03	109.26	5072.15	11440.06	282.34	10166.49	13451.29	306.03	47.76	88.51	-7.17	-1.38	47.24	94.67	2.34	1.86	46.47	88.	-2.45	-9.48	-7.14	2.38
27.21	98.86	5078.5	11446.06	285.62	10165.46	13446.3	306.31	45.11	109.58	4.44	-3.91	52.53	109.48	3.94	-2.31	40.39	90.11	4.62	-4.79	-9.85	-1.4
24.51	107.5	5080.14	11442.58	273.67	10169.55	13448.75	289.98	61.85	111.83	-4.32	-9.18	49.03	107.36	7.07	8.03	55.06	95.43	-2.2	1.13	-2.34	-8.64
29.9	91.37	5084.12	11431.73	270.16	10168.73	13428.32	302.61	43.15	103.59	10.03	0.24	59.86	97.	0.25	-11.16	59.39	95.7	10.	-6.25	0.19	-3.15
35.72	104.15	5074.18	11448.9	282.33	10158.11	13432.68	291.87	55.34	99.21	-4.38	3.26	60.99	102.64	-11.7	-5.66	44.13	111.42	-7.17	-5.57	10.6	-0.94
35.64	108.29	5074.14	11437.66	286.83	10170.31	13429.84	300.41	43.54	111.47	7.09	4.71	47.15	97.67	3.01	-8.9	55.05	103.25	8.28	-4.75	-11.28	3.32
34.58	105.89	5087.82	11432.3	272.85	10150.57	13429.84	303.3	55.53	108.04	-4.86	4.54	38.5	102.53	-10.71	-11.47	39.93	102.68	-4.89	6.	9.82	5.79
32.46	105.47	5073.35	11439.28	281.88	10160.11	13445.38	311.06	53.38	103.46	4.93	5.92	45.2	101.18	-1.65	-4.53	43.14	100.98	5.98	-3.26	4.85	-7.24
27.98	107.17	5076.99	11443.21	287.57	10160.88	13438.27	293.45	57.51	91.16	-4.23	-9.56	61.25	111.06	2.17	7.64	47.47	109.13	-0.8	0.83	-6.93	1.98
33.65	111.68	5071.17	11429.15	274.23	10152.59	13435.21	311.01	54.52	94.98	-0.63	-1.97	46.09	109.54	3.46	-4.13	56.13	108.53	11.71	11.14	0.83	6.93
30.18	105.5	5078.65	11446.33	271.61	10171.78	13440.63	305.01	51.76	111.11	6.78	0.97	50.45	89.79	-6.8	-11.82	56.42	92.95	-5.51	1.99	7.04	-8.71
27.11	103.78	5082.9	11432.29	291.41	10170.41	13444.22	301.98	43.45	88.31	5.03	5.29	48.14	92.62	4.94	-7.77	60.26	107.14	10.47	0.01	1.24	4.49
33.14	98.26	5073.99	11441.4	271.95	10170.09	13440.33	294.34	45.13	99.56	3.54	-0.46	61.76	90.75	-0.49	2.54	45.3	99.81	-8.2	10.33	9.71	8.94
29.44	91.67	5087.44	11438.23	268.69	10164.59	13435.52	301.08	42.51	104.76	11.17	7.64	49.92	105.81	0.9	2.14	45.57	110.21	5.72	0.45	2.01	8.79
31.92	109.01	5076.76	11435.32	270.19	10170.57	13433.41	310.18	56.53	110.42	-9.27	3.99	41.84	93.55	7.05	-0.51	60.04	96.84	11.26	-4.44	6.86	-9.84
29.59	106.41	5075.91	11444.19	268.09	10148.03	13449.19	308.82	57.19	108.16	-11.5	3.88	60.39	90.47	10.3	3.6	57.58	106.78	-5.88	-11.47	-5.18	10.17
24.18	94.	5078.21	11446.58	283.53	10153.33	13450.09	299.39	59.92	105.66	4.66	-4.49	51.93	89.68	-4.85	1.46	49.13	98.72	-5.92	-8.09	5.6	-2.49
28.43	107.95	5073.	11431.57	288.31	10168.58	13444.87	301.7	44.73	91.55	11.43	-9.48	44.43	104.14	7.67	0.36	53.24	106.54	6.12	-10.8	-0.39	-6.61
27.77	92.96	5088.28	11440.73	281.84	10165.07	13446.42	292.48	47.25	105.58	10.07	6.13	45.08	92.02	8.96	1.51	61.15	102.92	-10.65	-8.58	-7.56	11.31
31.89	88.32	5085.85	11428.44	283.46	10161.36	13441.4	298.99	45.15	89.98	-10.4	-7.53	60.24	100.03	4.7	-6.41	44.94	101.44	9.05	3.41	-3.39	6.12
24.1	103.85	5082.33	11433.59	275.25	10165.29	13439.76	310.42	49.27	96.54	0.8	9.91	41.08	88.65	-1.15	-0.81	61.92	96.26	11.07	-6.44	-10.73	11.68
24.04	110.94	5089.88	11440.52	284.94	10166.49	13432.91	298.1	59.73	99.4	10.73	-5.33	38.72	109.23	11.76	6.15	53.94	104.65	-4.19	-2.6	0.85	7.73
28.58	101.75	5068.99	11438.16	288.28	10155.34	13438.6	291.3	48.69	94.93	5.32	9.59	38.03	93.28	5.6	-7.83	45.67	105.84	-2.37	4.82	5.4	11.46
32.3	95.71	5079.6	11444.07	275.65	10154.89	13430.91	311.26	46.92	91.47	-0.08	-0.1	39.69	93.79	-0.91	7.15	49.3	98.95	4.71	-3.35	0.23	-0.43
27.29	92.9	5072.81	11437.9	274.37	10171.36	13444.14	293.71	56.55	97.06	-11.59	5.22	59.27	99.02	-11.05	9.37	58.44	110.41	-11.7	-9.76	-10.4	0.99
27.64	107.45	5080.44	11444.2	287.22	10166.55	13441.07	304.07	55.93	104.6	3.12	-8.74	45.21	94.92	3.53	-7.47	49.99	95.19	4.59	-6.11	9.11	4.87
27.79	107.74	5070.94	11430.61	285.84	10170.1	13442.65	311.5	49.26	97.34	-7.57	-8.86	46.04	92.66	8.41	-4.38	57.71	98.68	-11.62	4.31	8.15	-6.47
24.72	100.27	5089.12	11429.77	269.06	10164.13	13437.45	309.34	61.92	90.96	3.52	-0.48	56.25	88.36	1.28	-2.22	38.58	98.8	6.66	5.62	5.81	8.66
34.17	97.61	5083.62	11449.43	271.67	10152.5	13438.03	308.1	49.78	109.68	5.28	1.74	60.73	105.27	-9.19	-4.26	58.02	91.8	8.07	5.48	-8.07	-0.16
27.32	109.31	5086.6	11434.39	274.57	10162.93	13437.49	295.71	48.67	106.4	11.95	-5.32	59.5	88.57	-7.06	11.3	52.87	97.65	-10.86	-2.35	6.9	9.52
29.13	99.4	5085.66	11449.16	283.86	10165.4	13440.33	300.24	51.67	111.78	-1.54	6.97	60.75	99.57	6.17	3.63	49.71	93.94	-0.49	-3.26	-5.66	-6.61
34.13	102.78	5082.25	11442.98	271.66	10162.9	13433.68	288.86	42.13	97.84	7.36	-0.76	54.01	97.82	-10.76	4.36	52.26	98.56	-3.61	-2.06	2.13	10.62
25.03	93.81	5071.69	11451.94	282.67	10158.02	13429.41	307.96	60.64	90.95	11.58	8.93	42.82	88.85	6.16	7.52	49.9	95.5	0.56	10.9	2.59	-1.04
29.39	110.95	5080.99	11443.47	286.67	10164.21	13446.04	305.52	40.08	106.85	-6.89	-6.56	39.29	92.08	-4.73	-11.15	43.71	111.11	-0.31	5.18	10.38	11.61
24.19	88.04	5086.02	11430.87	274.63	10153.4	13438.07	297.91	47.18	107.43	2.86	-11.8	41.18	88.49	-0.62	2.	59.81	98.43	11.2	8.64	10.87	0.63
35.6	101.98	5081.7	11435.65	286.87	10156.05	13430.75	300.	44.46	93.59	-5.55	3.19	60.08	107.29	4.03	-1.44	46.41	89.83	10.58	11.33	-1.2	6.69
32.16	90.98	5079.34	11440.93	287.49	10157.86	13443.92	293.81	60.16	98.28	11.83	-10.06	54.08	89.14	-2.05	-0.32	47.97	109.97	11.82	-4.06	-2.55	-1.25
26.3	95.73	5069.6	11431.06	273.97	10149.65	13441.94	306.35	45.	111.24	-1.58	1.77	61.88	103.52	-2.02	-11.65	45.51	111.99	2.52	-9.14	8.82	7.02
28.01	89.86	5080.53	11442.44	268.58	10156.3	13436.47	292.53	42.46	90.81	-9.83	10.02	54.68	109.97	-3.13	5.65	58.97	108.38	-3.23	8.57	6.52	-4.86
28.01	109.91	5080.57	11450.03	281.09	10152.72	13442.96	309.4	58.19	95.25	10.01	-11.08	47.97	103.	11.91	-0.49	59.65	108.21	5.82	-11.99	-11.6	8.73
29.64	88.81	5068.52	11441.96	289.29	10162.79	13432.6	302.37	55.41	106.35	-5.52	3.29	47.92	99.	-2.58	1.04	39.03	91.06	8.34	3.33	8.52	0.26
27.68	91.12	5091.03	11445.35	290.66	10161.02	13450.42	290.23	45.84	95.42	-8.29	3.96	46.39	107.2	-5.31	-4.76	40.55	89.91	-11.22	7.9	-10.46	-3.26
24.8	91.68	5083.35	11432.01	268.25	10171.48	13450.81	304.28	57.36	108.32	-10.97	-10.12	41.65	111.2	-2.28	-2.32	58.27	95.99	3.33	-5.24	2.56	4.04
25.91	102.88	5088.03	11443.27	284.55	10164.59	13446.63	301.23	53.06	88.06	2.31	-9.2	40.26	104.42	-4.3	1.02	42.7	110.68	11.93	9.85	-7.85	7.23
35.14	102.52	5088.55	11430.47	270.7	10150.79	13440.17	298.63	49.41	101.83	-3.29	1.33	57.1	103.94	6.43	9.74	47.02	105.35	5.92	-4.61	7.18	0.4
29.08	93.16	5068.87	11441.75	268.16	10148.9	13436.95	306.49	45.63	97.48	-11.47	9.3	39.83	93.4	6.79	-4.4	44.24	93.22	-8.34	11.65	-5.25	10.15
26.58	97.64	5077.58	11430.12	277.03	10164.62	13432.32	306.72	44.09	96.61	4.27	10.2	48.3	101.26	11.09	6.37	55.04	111.42	6.02	8.56	-9.42	0.22
30.89	90.47	5086.83	11435.65	280.89	10154.74	13435.73	288.	47.31	96.18	-2.55	11.33	38.79	93.52	-11.58	-3.14	45.62	101.65	6.6	1.28	-7.5	-1.92
24.78	110.94	5080.9	11428.78	270.91	10165.99	13442.35	288.32	58.63	96.86	-4.56	7.2	55.12	91.33	1.75	11.79	61.66	102.87	-8.14	-2.39	8.14	-11.89
34.38	101.54	5085.6	11445.97	285.1	10164.98	13437.12	300.98	56.5	93.67	8.64	8.16	44.03	107.08	4.81	0.47	45.14	92.03	10.26	3.62	9.54	3.16
31.59	106.46	5088.29	11447.56	271.29	10155.45	13434.1	303.37	56.38	90.84	2.85	-1.7	38.74	91.07	5.46	-9.79	40.79	100.66	9.51	11.87	-4.62	-0.71
27.75	92.95	5088.21	11428.15	278.87	10160.61	13428.98	294.89	54.44	94.01	11.89	8.19	54.74	103.86	-7.38	-10.73	60.28	91.92	1.22	6.13	-7.36	-8.38
28.06	107.28	5086.88	11443.9	279.05	10164.08	13439.27	302.72	45.63	105.41	-8.79	8.38	49.78	106.82	10.24	11.37	46.1	109.84	-1.39	10.24	-9.9	8.59
25.59	89.84	5091.98	11442.19	272.29	10171.29	13430.31	301.91	61.65	99.24	-7.38	-8.68	60.84	103.32	-6.79	-2.37	54.48	93.05	-5.76	-0.54	-7.79	5.95
30.94	110.71	5073.22	11430.62	280.07	10166.7	13435.38	293.32	42.15	95.63	0.34	7.43	53.11	100.13	-6.05	8.01	57.03	105.08	-4.13	-10.43	11.83	-1.84
26.06	96.46	5087.24	11441.13	283.21	10162.46	13440.13	310.2	55.2	107.77	0.26	1.18	39.75	104.69	-2.3	1.88	45.98	88.4	-5.12	-3.47	-7.85	-8.91
25.02	107.16	5075.31	11443.12	270.72	10151.51	13451.46	309.76	56.95	93.06	7.24	10.17	46.15	102.85	11.08	11.76	53.01	95.69	-2.85	11.13	9.42	-7.5
27.45	105.77	5082.99	11437.36	279.65	10153.33	13433.93	305.91	38.29	97.16	3.95	-3.22	44.61	108.27	-11.67	4.19	46.5	100.8	-8.29	-11.34	3.3	-3.65
24.29	94.97	5079.21	11436.17	291.91	10156.72	13445.88	306.63	59.04	94.16	-1.16	11.25	46.35	99.1	2.25	-1.26	60.36	93.07	8.18	-5.52	5.57	-6.88
31.54	96.45	5072.35	11449.83	282.19	10151.95	13430.37	299.79	49.72	104.93	4.47	3.29	46.33	100.4	-6.09	-8.59	47.41	97.68	9.75	7.24	-3.54	-0.64
28.84	99.2	5087.87	11434.56	281.76	10156.15	13434.97	296.2	61.93	97.13	-11.48	-7.43	52.03	88.15	-7.93	2.11	53.3	109.93	-7.71	10.51	5.23	-8.41
30.54	109.08	5083.5	11432.81	290.08	10169.21	13430.02	311.64	42.75	105.94	-11.81	0.75	54.18	95.92	8.72	6.9	55.45	95.5	8.27	6.29	-8.21	3.08
27.08	104.35	5087.98	11428.67	270.05	10171.46	13434.02	311.12	59.41	100.32	8.85	6.36	50.59	108.88	1.53	1.11	59.68	95.79	7.13	-0.88	1.19	7.25
32.25	101.57	5089.12	11442.05	284.41	10158.33	13445.59	293.25	58.88	100.54	3.32	-6.44	42.08	102.71	-11.26	5.94	59.85	106.18	-1.91	6.34	-4.6	-6.11
33.29	97.4	5089.21	11428.04	282.94	10165.3	13441.22	294.04	52.73	108.23	1.06	8.17	40.45	97.38	-4.69	-7.26	55.66	96.36	-0.04	7.24	8.49	-2.23
